AccountID,avg_amount,amount_std,transaction_count,avg_login,dbscan_risk,lof_risk,preferred_type,risk_score,ml_risk_score,final_risk_score,retention_segment,recommended_action,recommended_offer,communication_plan,expected_uplift
AC00001,82.56666666666666,70.40179046018646,9,1.0,0.0,0.1111111111111111,Debit,645.8711688657289,0.05555555555555555,322.96336221064223,Standard Customer,Regular Monitoring,Loyalty rewards,Monthly insights,5–10%
AC00002,325.44631578947366,192.29177356329356,19,1.0526315789473684,0.0,0.0,Debit,3293.718208898915,0.0,1646.8591044494574,Standard Customer,Regular Monitoring,Loyalty rewards,Monthly insights,5–10%
AC00003,278.39,148.54903035698348,11,1.0,0.0,0.0,Debit,3759.505527415919,0.0,1879.7527637079595,Standard Customer,Regular Monitoring,Loyalty rewards,Monthly insights,5–10%
AC00004,237.3295652173913,214.4790078619321,23,1.0,0.0,0.0,Debit,2213.1394552604497,0.0,1106.5697276302249,Standard Customer,Regular Monitoring,Loyalty rewards,Monthly insights,5–10%
AC00005,349.56333333333333,165.77632947587165,24,1.0,0.0,0.0,Debit,2414.5551626998104,0.0,1207.2775813499052,Standard Customer,Regular Monitoring,Loyalty rewards,Monthly insights,5–10%
AC00006,169.34066666666666,128.51442234054437,15,1.0,0.0,0.06666666666666667,Debit,1450.847766972105,0.03333333333333333,725.4405501527192,Standard Customer,Regular Monitoring,Loyalty rewards,Monthly insights,5–10%
AC00007,312.212,202.48309157392214,10,1.0,0.0,0.0,Debit,6321.764466471292,0.0,3160.882233235646,Standard Customer,Regular Monitoring,Loyalty rewards,Monthly insights,5–10%
AC00008,76.16,0.0,1,1.0,0.0,0.0,Debit,0.0,0.0,0.0,Dormant/New Customer,Engagement Campaign,Cashback incentives,Onboarding support,20–25%
AC00009,190.19916666666666,121.08450628746351,12,1.0,0.0,0.0,Credit,1919.1808560782888,0.0,959.5904280391444,Standard Customer,Regular Monitoring,Loyalty rewards,Monthly insights,5–10%
AC00010,463.9866666666667,467.8328521774316,18,1.0,0.0,0.0,Debit,12059.344087756768,0.0,6029.672043878384,Standard Customer,Regular Monitoring,Loyalty rewards,Monthly insights,5–10%
AC00011,371.0364285714286,314.029492333912,14,1.2857142857142858,0.0,0.0,Debit,8322.598069933962,0.0,4161.299034966981,Standard Customer,Regular Monitoring,Loyalty rewards,Monthly insights,5–10%
AC00012,376.8529411764706,349.84829409982666,17,1.0,0.0,0.0,Debit,7755.3735789245275,0.0,3877.6867894622637,Standard Customer,Regular Monitoring,Loyalty rewards,Monthly insights,5–10%
AC00013,192.20190476190476,145.8751537315059,21,1.0,0.0,0.047619047619047616,Debit,1335.118146167284,0.023809523809523808,667.5709778455468,Standard Customer,Regular Monitoring,Loyalty rewards,Monthly insights,5–10%
AC00014,346.8734375,248.61497089338476,32,1.0,0.0,0.0,Debit,2694.935214775488,0.0,1347.467607387744,Standard Customer,Regular Monitoring,Loyalty rewards,Monthly insights,5–10%
AC00015,225.04545454545453,274.61594634556957,11,1.0,0.0,0.0,Debit,5618.278622953658,0.0,2809.139311476829,Standard Customer,Regular Monitoring,Loyalty rewards,Monthly insights,5–10%
AC00016,443.49227272727273,443.55151248521526,22,1.0,0.0,0.0,Debit,8941.43906373856,0.0,4470.71953186928,Standard Customer,Regular Monitoring,Loyalty rewards,Monthly insights,5–10%
AC00017,235.26473684210524,169.0482014879655,19,1.0,0.0,0.0,Debit,2093.2146601833015,0.0,1046.6073300916507,Standard Customer,Regular Monitoring,Loyalty rewards,Monthly insights,5–10%
AC00018,557.5122222222221,523.0272790394823,9,2.3333333333333335,0.0,0.0,Debit,32399.340913422573,0.0,16199.670456711287,High-Value At Risk,Proactive Outreach,Premium fraud protection + rewards,Dedicated manager,15–20%
AC00019,184.03307692307692,174.15377569763908,13,1.0,0.0,0.0,Debit,2465.388671847633,0.0,1232.6943359238164,Standard Customer,Regular Monitoring,Loyalty rewards,Monthly insights,5–10%
AC00020,433.1973076923077,241.736386447017,26,1.0,0.0,0.038461538461538464,Debit,4027.6749135553882,0.019230769230769232,2013.8470721623096,Standard Customer,Regular Monitoring,Loyalty rewards,Monthly insights,5–10%
AC00021,648.2033333333334,344.45646119476925,18,1.0,0.0,0.05555555555555555,Credit,12404.322996129467,0.027777777777777776,6202.175386953622,Standard Customer,Regular Monitoring,Loyalty rewards,Monthly insights,5–10%
AC00022,253.85625,231.2133257366761,8,1.0,0.0,0.0,Debit,7336.86756058419,0.0,3668.433780292095,Standard Customer,Regular Monitoring,Loyalty rewards,Monthly insights,5–10%
AC00023,196.63583333333335,130.0755294894843,12,1.5,0.0,0.0,Debit,2131.45900049836,0.0,1065.72950024918,Security Concern,Security Education,Free security audit,Alerts via SMS/email,10–15%
AC00024,225.6357142857143,286.954909985585,14,1.0,0.0,0.07142857142857142,Credit,4624.80510411323,0.03571428571428571,2312.4204091994725,Standard Customer,Regular Monitoring,Loyalty rewards,Monthly insights,5–10%
AC00025,235.592,156.14210297033915,5,1.0,0.0,0.0,Credit,7357.16459316471,0.0,3678.582296582355,Standard Customer,Regular Monitoring,Loyalty rewards,Monthly insights,5–10%
AC00026,213.40363636363637,123.93646390572285,11,1.0,0.0,0.0,Credit,2404.408151920334,0.0,1202.204075960167,Standard Customer,Regular Monitoring,Loyalty rewards,Monthly insights,5–10%
AC00027,182.89,136.42235290240586,8,1.0,0.0,0.0,Credit,3118.785125441985,0.0,1559.3925627209926,Standard Customer,Regular Monitoring,Loyalty rewards,Monthly insights,5–10%
AC00028,645.53125,646.8515940071903,8,1.0,0.0,0.0,Debit,52195.35823107448,0.0,26097.67911553724,High-Value At Risk,Proactive Outreach,Premium fraud protection + rewards,Dedicated manager,15–20%
AC00029,219.98454545454544,337.5981466881487,11,1.0,0.0,0.0,Debit,6751.488008545577,0.0,3375.7440042727885,Standard Customer,Regular Monitoring,Loyalty rewards,Monthly insights,5–10%
AC00030,343.3296296296296,130.418714044168,27,1.0740740740740742,0.0,0.0,Debit,1658.3928567097748,0.0,829.1964283548874,Standard Customer,Regular Monitoring,Loyalty rewards,Monthly insights,5–10%
AC00032,390.3269230769231,269.76904459584284,26,2.076923076923077,0.0,0.0,Debit,4049.927579560346,0.0,2024.963789780173,Security Concern,Security Education,Free security audit,Alerts via SMS/email,10–15%
AC00033,119.55705882352942,133.4135406248512,17,1.0,0.0,0.0,Debit,938.26644623966,0.0,469.13322311983,Standard Customer,Regular Monitoring,Loyalty rewards,Monthly insights,5–10%
AC00034,294.53444444444443,265.55940701240047,9,1.0,0.0,0.0,Debit,8690.709302298243,0.0,4345.354651149121,Standard Customer,Regular Monitoring,Loyalty rewards,Monthly insights,5–10%
AC00035,205.26263157894735,205.76660928888734,19,1.0,0.0,0.05263157894736842,Credit,2222.9575521450806,0.02631578947368421,1111.4919339672772,Standard Customer,Regular Monitoring,Loyalty rewards,Monthly insights,5–10%
AC00036,339.378,361.820633211786,10,1.0,0.0,0.1,Credit,12279.395057875445,0.05,6139.722528937722,Standard Customer,Regular Monitoring,Loyalty rewards,Monthly insights,5–10%
AC00037,126.625,66.22055005812017,2,1.0,0.0,0.0,Debit,4192.586479261493,0.0,2096.2932396307465,Dormant/New Customer,Engagement Campaign,Cashback incentives,Onboarding support,20–25%
AC00038,302.17,2.8942586845914993,4,1.0,0.0,0.0,Debit,218.63948202088284,0.0,109.31974101044142,Dormant/New Customer,Engagement Campaign,Cashback incentives,Onboarding support,20–25%
AC00039,260.7655555555555,235.8906386248714,18,1.7222222222222223,0.0,0.0,Debit,3417.3416674459836,0.0,1708.6708337229918,Security Concern,Security Education,Free security audit,Alerts via SMS/email,10–15%
AC00040,644.9518181818182,481.78939865501775,11,1.0,0.0,0.0,Debit,28248.265490455735,0.0,14124.132745227867,High-Value At Risk,Proactive Outreach,Premium fraud protection + rewards,Dedicated manager,15–20%
AC00041,134.74117647058824,125.5514082399294,17,1.0,0.0,0.0,Debit,995.1143210984042,0.0,497.5571605492021,Standard Customer,Regular Monitoring,Loyalty rewards,Monthly insights,5–10%
AC00042,222.42,94.27770670640108,12,1.0,0.0,0.0,Debit,1747.4371481833816,0.0,873.7185740916908,Standard Customer,Regular Monitoring,Loyalty rewards,Monthly insights,5–10%
AC00043,545.1858333333333,201.17418903926531,12,1.25,0.0,0.08333333333333333,Debit,9139.775729729472,0.041666666666666664,4569.908698198069,Standard Customer,Regular Monitoring,Loyalty rewards,Monthly insights,5–10%
AC00044,502.4,21.32634052058631,2,1.0,0.0,0.0,Debit,5357.17406018425,0.0,2678.587030092125,Dormant/New Customer,Engagement Campaign,Cashback incentives,Onboarding support,20–25%
AC00045,451.15363636363634,418.8690980073065,11,1.0,0.0,0.0,Debit,17179.48177698827,0.0,8589.740888494134,Standard Customer,Regular Monitoring,Loyalty rewards,Monthly insights,5–10%
AC00046,356.65000000000003,508.7564858554631,3,1.0,0.0,0.0,Debit,60482.646732568064,0.0,30241.323366284032,High-Value At Risk,Proactive Outreach,Premium fraud protection + rewards,Dedicated manager,15–20%
AC00047,337.71250000000003,219.31058035767035,12,1.0,0.0,0.0,Debit,6171.993183087215,0.0,3085.9965915436073,Standard Customer,Regular Monitoring,Loyalty rewards,Monthly insights,5–10%
AC00048,425.5155555555556,509.96220955849054,9,1.0,0.0,0.0,Debit,24110.758755762337,0.0,12055.379377881169,Standard Customer,Regular Monitoring,Loyalty rewards,Monthly insights,5–10%
AC00049,543.8933333333333,56.89407028270462,3,1.0,0.0,0.0,Debit,10314.765072732027,0.0,5157.3825363660135,Dormant/New Customer,Engagement Campaign,Cashback incentives,Onboarding support,20–25%
AC00050,231.9253846153846,142.48176898673648,13,1.0,0.0,0.0,Debit,2541.9335793073583,0.0,1270.9667896536791,Standard Customer,Regular Monitoring,Loyalty rewards,Monthly insights,5–10%
AC00051,228.47,49.721168530114014,9,1.6666666666666667,0.0,0.0,Debit,1262.1993457639783,0.0,631.0996728819891,Security Concern,Security Education,Free security audit,Alerts via SMS/email,10–15%
AC00052,154.25272727272727,203.20747594962688,11,1.0,0.0,0.0,Debit,2849.5731379876315,0.0,1424.7865689938158,Standard Customer,Regular Monitoring,Loyalty rewards,Monthly insights,5–10%
AC00053,124.62944444444445,68.46477277723127,18,1.0,0.0,0.0,Debit,474.04034006672873,0.0,237.02017003336437,Standard Customer,Regular Monitoring,Loyalty rewards,Monthly insights,5–10%
AC00054,218.23035714285714,229.31999524329808,28,1.2142857142857142,0.0,0.0,Debit,1787.3065240941683,0.0,893.6532620470841,Standard Customer,Regular Monitoring,Loyalty rewards,Monthly insights,5–10%
AC00055,195.73909090909092,140.9749189362807,11,1.0,0.0,0.0,Debit,2508.5727240906954,0.0,1254.2863620453477,Standard Customer,Regular Monitoring,Loyalty rewards,Monthly insights,5–10%
AC00056,88.7688888888889,55.06195685598594,18,1.0,0.0,0.0,Debit,271.54380325611146,0.0,135.77190162805573,Standard Customer,Regular Monitoring,Loyalty rewards,Monthly insights,5–10%
AC00057,210.26066666666665,197.97824319377932,15,1.3333333333333333,0.0,0.0,Debit,2775.1356416189237,0.0,1387.5678208094619,Standard Customer,Regular Monitoring,Loyalty rewards,Monthly insights,5–10%
AC00058,241.78555555555556,170.6173020404307,18,1.0,0.0,0.05555555555555555,Debit,2291.822048300751,0.027777777777777776,1145.9249130392643,Standard Customer,Regular Monitoring,Loyalty rewards,Monthly insights,5–10%
AC00059,147.82642857142858,119.95284295262695,14,1.0,0.0,0.0,Debit,1266.5856502921893,0.0,633.2928251460946,Standard Customer,Regular Monitoring,Loyalty rewards,Monthly insights,5–10%
AC00060,396.1433333333333,213.25809902557043,9,1.4444444444444444,0.0,0.0,Debit,9386.75164684088,0.0,4693.37582342044,Security Concern,Security Education,Free security audit,Alerts via SMS/email,10–15%
AC00061,159.998,168.03188075812014,10,1.0,0.0,0.0,Debit,2688.4762169061487,0.0,1344.2381084530743,Standard Customer,Regular Monitoring,Loyalty rewards,Monthly insights,5–10%
AC00062,194.52875,170.1910228820629,8,1.0,0.0,0.0,Debit,4138.380350511094,0.0,2069.190175255547,Standard Customer,Regular Monitoring,Loyalty rewards,Monthly insights,5–10%
AC00063,361.51347826086953,331.7582346804083,23,1.173913043478261,0.0,0.043478260869565216,Debit,5214.568180279654,0.021739130434782608,2607.2949597050447,Standard Customer,Regular Monitoring,Loyalty rewards,Monthly insights,5–10%
AC00064,300.2966666666667,267.94453689149924,9,1.0,0.0,0.0,Debit,8940.315815527234,0.0,4470.157907763617,Standard Customer,Regular Monitoring,Loyalty rewards,Monthly insights,5–10%
AC00065,203.04533333333333,87.01189285434053,15,1.0,0.0,0.0,Debit,1177.8238407166677,0.0,588.9119203583339,Standard Customer,Regular Monitoring,Loyalty rewards,Monthly insights,5–10%
AC00066,231.015,130.1704502495932,12,1.0,0.0,0.0,Debit,2505.9436715388415,0.0,1252.9718357694207,Standard Customer,Regular Monitoring,Loyalty rewards,Monthly insights,5–10%
AC00067,626.6682352941177,481.4081963785423,17,1.0,0.0,0.058823529411764705,Debit,17746.071007917304,0.029411764705882353,8873.050209841005,Standard Customer,Regular Monitoring,Loyalty rewards,Monthly insights,5–10%
AC00068,581.7684615384616,365.1401914755061,13,1.0,0.0,0.07692307692307693,Debit,16340.540853847968,0.038461538461538464,8170.289657693214,Standard Customer,Regular Monitoring,Loyalty rewards,Monthly insights,5–10%
AC00069,266.1531578947368,211.71070938252382,19,1.0,0.0,0.0,Debit,2965.656362980907,0.0,1482.8281814904535,Standard Customer,Regular Monitoring,Loyalty rewards,Monthly insights,5–10%
AC00070,194.04291666666666,234.43695651087035,24,1.375,0.0,0.041666666666666664,Debit,1895.4512050156068,0.020833333333333332,947.73601917447,Standard Customer,Regular Monitoring,Loyalty rewards,Monthly insights,5–10%
AC00071,512.2520833333334,552.856535655689,24,2.3333333333333335,0.0,0.0,Debit,11800.079182249867,0.0,5900.039591124933,Security Concern,Security Education,Free security audit,Alerts via SMS/email,10–15%
AC00072,385.9871428571428,299.7353030433288,7,1.0,0.0,0.0,Debit,16527.708101058037,0.0,8263.854050529018,Standard Customer,Regular Monitoring,Loyalty rewards,Monthly insights,5–10%
AC00073,384.0333333333333,360.9814969655857,12,1.0,0.0,0.0,Debit,11552.409666578396,0.0,5776.204833289198,Standard Customer,Regular Monitoring,Loyalty rewards,Monthly insights,5–10%
AC00074,151.10999999999999,121.07684378112936,7,1.0,0.0,0.0,Debit,2613.702750009101,0.0,1306.8513750045504,Standard Customer,Regular Monitoring,Loyalty rewards,Monthly insights,5–10%
AC00075,263.79285714285714,255.3717978353724,14,1.0,0.0,0.07142857142857142,Debit,4811.803669492666,0.03571428571428571,2405.9196918891903,Standard Customer,Regular Monitoring,Loyalty rewards,Monthly insights,5–10%
AC00076,225.06214285714285,157.46724979053076,14,1.0,0.0,0.07142857142857142,Debit,2531.422438303957,0.03571428571428571,1265.7290762948355,Standard Customer,Regular Monitoring,Loyalty rewards,Monthly insights,5–10%
AC00077,271.6,235.71715243061973,13,1.2307692307692308,0.0,0.0,Debit,4924.674898113956,0.0,2462.337449056978,Standard Customer,Regular Monitoring,Loyalty rewards,Monthly insights,5–10%
AC00078,375.53066666666666,317.9741661219546,15,1.0,0.0,0.0,Debit,7960.602841730147,0.0,3980.3014208650734,Standard Customer,Regular Monitoring,Loyalty rewards,Monthly insights,5–10%
AC00079,60.544666666666664,70.44562227772028,15,1.0,0.0,0.0,Credit,284.34042897267017,0.0,142.17021448633508,Standard Customer,Regular Monitoring,Loyalty rewards,Monthly insights,5–10%
AC00080,452.3186666666667,401.6707017457863,15,1.0,0.0,0.0,Debit,12112.209609367252,0.0,6056.104804683626,Standard Customer,Regular Monitoring,Loyalty rewards,Monthly insights,5–10%
AC00081,171.2342857142857,157.14314735903935,7,1.0,0.0,0.0,Debit,3844.041535554044,0.0,1922.020767777022,Standard Customer,Regular Monitoring,Loyalty rewards,Monthly insights,5–10%
AC00082,211.47833333333332,163.6842815198413,6,1.0,0.0,0.0,Debit,5769.278879900215,0.0,2884.6394399501073,Standard Customer,Regular Monitoring,Loyalty rewards,Monthly insights,5–10%
AC00083,395.9576923076923,423.2883228004651,13,1.2307692307692308,0.0,0.0,Debit,12892.63496801775,0.0,6446.317484008875,Standard Customer,Regular Monitoring,Loyalty rewards,Monthly insights,5–10%
AC00084,400.07599999999996,222.0717534491949,5,1.0,0.0,0.0,Debit,17769.112212765573,0.0,8884.556106382786,Standard Customer,Regular Monitoring,Loyalty rewards,Monthly insights,5–10%
AC00085,270.8036363636364,207.98786893820167,11,1.0,0.0,0.0,Debit,5120.3514643306335,0.0,2560.1757321653167,Standard Customer,Regular Monitoring,Loyalty rewards,Monthly insights,5–10%
AC00086,439.22812500000003,420.3489736432298,16,1.5,0.0,0.0,Debit,11539.317499979545,0.0,5769.658749989772,Security Concern,Security Education,Free security audit,Alerts via SMS/email,10–15%
AC00087,188.7357894736842,170.4418536665409,19,1.0,0.0,0.05263157894736842,Debit,1693.077690422898,0.02631578947368421,846.5520031061859,Standard Customer,Regular Monitoring,Loyalty rewards,Monthly insights,5–10%
AC00088,256.77,55.38060310253038,2,1.0,0.0,0.0,Debit,7110.035174300774,0.0,3555.017587150387,Dormant/New Customer,Engagement Campaign,Cashback incentives,Onboarding support,20–25%
AC00089,208.04266666666666,117.37875059984643,15,2.066666666666667,0.0,0.0,Debit,1627.985777120525,0.0,813.9928885602625,Security Concern,Security Education,Free security audit,Alerts via SMS/email,10–15%
AC00090,345.6791304347826,303.64672006840516,23,1.0,0.0,0.08695652173913043,Debit,4563.66650386755,0.043478260869565216,2281.85499106421,Standard Customer,Regular Monitoring,Loyalty rewards,Monthly insights,5–10%
AC00091,457.88444444444445,448.52491834654825,9,1.0,0.0,0.0,Debit,22819.17335971397,0.0,11409.586679856984,Standard Customer,Regular Monitoring,Loyalty rewards,Monthly insights,5–10%
AC00092,267.80541666666664,253.0372085025745,24,1.0,0.0,0.041666666666666664,Debit,2823.5305096529855,0.020833333333333332,1411.7756714931595,Standard Customer,Regular Monitoring,Loyalty rewards,Monthly insights,5–10%
AC00093,303.74823529411765,299.5368843572376,17,1.3529411764705883,0.0,0.0,Debit,5351.987922177717,0.0,2675.9939610888587,Standard Customer,Regular Monitoring,Loyalty rewards,Monthly insights,5–10%
AC00094,72.74066666666666,41.05705585204686,15,1.0,0.0,0.0,Debit,199.10116099648633,0.0,99.55058049824316,Standard Customer,Regular Monitoring,Loyalty rewards,Monthly insights,5–10%
AC00095,389.6876470588236,446.1550802345723,17,1.0,0.0,0.0,Debit,10227.124306636872,0.0,5113.562153318436,Standard Customer,Regular Monitoring,Loyalty rewards,Monthly insights,5–10%
AC00096,288.552,181.96149188465367,10,1.0,0.0,0.1,Debit,5250.534715576588,0.05,2625.292357788294,Standard Customer,Regular Monitoring,Loyalty rewards,Monthly insights,5–10%
AC00097,98.72,83.85840884093457,10,1.0,0.0,0.0,Debit,827.8501292926932,0.0,413.9250646463466,Standard Customer,Regular Monitoring,Loyalty rewards,Monthly insights,5–10%
AC00098,539.956875,527.1583661572519,16,1.0,0.0,0.0,Debit,17790.17288938766,0.0,8895.08644469383,Standard Customer,Regular Monitoring,Loyalty rewards,Monthly insights,5–10%
AC00099,664.5500000000001,411.5232508376653,11,1.0,0.0,0.0,Debit,24861.61377114152,0.0,12430.80688557076,Standard Customer,Regular Monitoring,Loyalty rewards,Monthly insights,5–10%
AC00100,175.56857142857143,61.51103760805086,7,1.1428571428571428,0.0,0.0,Debit,1542.771922451814,0.0,771.385961225907,Standard Customer,Regular Monitoring,Loyalty rewards,Monthly insights,5–10%
AC00101,89.6525,52.292208709010055,4,1.0,0.0,0.0,Credit,1172.0315173132515,0.0,586.0157586566257,Dormant/New Customer,Engagement Campaign,Cashback incentives,Onboarding support,20–25%
AC00102,139.762,102.20762048127548,10,1.0,0.0,0.0,Debit,1428.4740025230024,0.0,714.2370012615012,Standard Customer,Regular Monitoring,Loyalty rewards,Monthly insights,5–10%
AC00103,459.34615384615387,290.38992775629754,13,1.0,0.0,0.0,Debit,10260.729705368312,0.0,5130.364852684156,Standard Customer,Regular Monitoring,Loyalty rewards,Monthly insights,5–10%
AC00104,275.2,0.0,1,1.0,0.0,0.0,Debit,0.0,0.0,0.0,Dormant/New Customer,Engagement Campaign,Cashback incentives,Onboarding support,20–25%
AC00105,130.76,8.011917260045696,12,1.0,0.0,0.08333333333333333,Debit,87.3031844683659,0.041666666666666664,43.672425567516285,Standard Customer,Regular Monitoring,Loyalty rewards,Monthly insights,5–10%
AC00106,346.55545454545455,193.73361656478912,11,1.0,0.0,0.0,Debit,6103.585040523661,0.0,3051.7925202618303,Standard Customer,Regular Monitoring,Loyalty rewards,Monthly insights,5–10%
AC00107,483.77650000000006,709.4587356219268,20,1.0,0.0,0.0,Debit,17160.972342631438,0.0,8580.486171315719,Standard Customer,Regular Monitoring,Loyalty rewards,Monthly insights,5–10%
AC00108,346.39866666666666,243.6760331982571,15,1.8,0.0,0.0,Debit,5627.26982474859,0.0,2813.634912374295,Security Concern,Security Education,Free security audit,Alerts via SMS/email,10–15%
AC00109,197.37333333333333,183.67389097709741,6,1.0,0.0,0.0,Credit,6042.053677733215,0.0,3021.0268388666077,Standard Customer,Regular Monitoring,Loyalty rewards,Monthly insights,5–10%
AC00110,389.25636363636363,437.6855919326732,11,1.1818181818181819,0.0,0.0,Debit,15488.35331303531,0.0,7744.176656517655,Standard Customer,Regular Monitoring,Loyalty rewards,Monthly insights,5–10%
AC00111,381.97117647058826,548.2441914293569,17,1.0,0.0,0.0,Debit,12318.439204411685,0.0,6159.219602205842,Standard Customer,Regular Monitoring,Loyalty rewards,Monthly insights,5–10%
AC00112,579.55,35.9210244842767,2,1.0,0.0,0.0,Debit,10409.009665426445,0.0,5204.504832713223,Dormant/New Customer,Engagement Campaign,Cashback incentives,Onboarding support,20–25%
AC00113,324.5892857142857,180.9173978734403,14,1.0,0.0,0.0,Debit,4194.560339604778,0.0,2097.280169802389,Standard Customer,Regular Monitoring,Loyalty rewards,Monthly insights,5–10%
AC00114,318.5952631578947,361.1325926299773,19,1.0,0.0,0.10526315789473684,Debit,6055.533017279336,0.05263157894736842,3027.7928244291415,Standard Customer,Regular Monitoring,Loyalty rewards,Monthly insights,5–10%
AC00115,155.64285714285714,187.86472302468832,7,1.0,0.0,0.0,Credit,4177.114010114283,0.0,2088.5570050571414,Standard Customer,Regular Monitoring,Loyalty rewards,Monthly insights,5–10%
AC00116,239.14565217391305,145.51737646399633,23,1.0,0.0,0.0,Debit,1513.0367993079315,0.0,756.5183996539657,Standard Customer,Regular Monitoring,Loyalty rewards,Monthly insights,5–10%
AC00117,55.32,0.0,1,1.0,0.0,0.0,Debit,0.0,0.0,0.0,Dormant/New Customer,Engagement Campaign,Cashback incentives,Onboarding support,20–25%
AC00118,287.71636363636367,268.98777389586786,11,1.0,0.0,0.0,Debit,7035.652466573367,0.0,3517.8262332866834,Standard Customer,Regular Monitoring,Loyalty rewards,Monthly insights,5–10%
AC00119,232.9788888888889,254.24958837120678,18,1.0,0.0,0.05555555555555555,Debit,3290.821294908879,0.027777777777777776,1645.4245363433283,Standard Customer,Regular Monitoring,Loyalty rewards,Monthly insights,5–10%
AC00120,330.6415,202.89210905967784,20,1.1,0.0,0.0,Debit,3354.2273961714036,0.0,1677.1136980857018,Standard Customer,Regular Monitoring,Loyalty rewards,Monthly insights,5–10%
AC00121,147.365,93.89670947376163,2,1.0,0.0,0.0,Credit,6918.540836530023,0.0,3459.2704182650114,Dormant/New Customer,Engagement Campaign,Cashback incentives,Onboarding support,20–25%
AC00122,299.5730769230769,231.13719592428993,13,1.0,0.0,0.0,Debit,5326.344280620563,0.0,2663.1721403102815,Standard Customer,Regular Monitoring,Loyalty rewards,Monthly insights,5–10%
AC00123,283.18,232.47082635605412,16,1.0,0.0,0.0,Debit,4114.442780816539,0.0,2057.2213904082696,Standard Customer,Regular Monitoring,Loyalty rewards,Monthly insights,5–10%
AC00124,292.84166666666664,332.27478652555936,12,2.0,0.0,0.0,Debit,8108.657847399819,0.0,4054.3289236999094,Security Concern,Security Education,Free security audit,Alerts via SMS/email,10–15%
AC00125,171.82928571428573,154.41928992017333,14,1.0,0.0,0.07142857142857142,Credit,1895.2681708730297,0.03571428571428571,947.651942579372,Standard Customer,Regular Monitoring,Loyalty rewards,Monthly insights,5–10%
AC00126,165.80411764705883,144.809925680995,17,1.0,0.0,0.058823529411764705,Credit,1412.3576789244626,0.029411764705882353,706.1935453445842,Standard Customer,Regular Monitoring,Loyalty rewards,Monthly insights,5–10%
AC00127,361.5566666666667,276.49918717180105,6,1.0,0.0,0.0,Debit,16661.68463136575,0.0,8330.842315682876,Standard Customer,Regular Monitoring,Loyalty rewards,Monthly insights,5–10%
AC00128,468.34866666666665,373.6253824710878,15,1.0,0.0,0.0,Debit,11665.795869824098,0.0,5832.897934912049,Standard Customer,Regular Monitoring,Loyalty rewards,Monthly insights,5–10%
AC00129,266.8966666666667,189.73968423869584,9,1.0,0.0,0.0,Debit,5626.764847880995,0.0,2813.3824239404976,Standard Customer,Regular Monitoring,Loyalty rewards,Monthly insights,5–10%
AC00130,291.98391304347825,166.4291697755352,23,1.173913043478261,0.0,0.08695652173913043,Debit,2112.810353166426,0.043478260869565216,1056.4269157136478,Standard Customer,Regular Monitoring,Loyalty rewards,Monthly insights,5–10%
AC00131,315.16615384615386,241.74484725969936,26,1.0,0.0,0.0,Debit,2930.376568945723,0.0,1465.1882844728616,Standard Customer,Regular Monitoring,Loyalty rewards,Monthly insights,5–10%
AC00132,125.53800000000001,82.81433152943194,10,1.0,0.0,0.0,Credit,1039.6344511907378,0.0,519.8172255953689,Standard Customer,Regular Monitoring,Loyalty rewards,Monthly insights,5–10%
AC00133,178.75,125.34592043620727,21,1.0,0.0,0.047619047619047616,Debit,1066.932486239979,0.023809523809523808,533.4781478818943,Standard Customer,Regular Monitoring,Loyalty rewards,Monthly insights,5–10%
AC00134,47.9875,1.5047563479403125,4,1.0,0.0,0.0,Debit,18.052369298604113,0.0,9.026184649302056,Dormant/New Customer,Engagement Campaign,Cashback incentives,Onboarding support,20–25%
AC00135,72.945,47.07209842358847,2,1.0,0.0,0.0,Credit,1716.8362513362047,0.0,858.4181256681023,Dormant/New Customer,Engagement Campaign,Cashback incentives,Onboarding support,20–25%
AC00136,491.4004761904762,290.85130744894707,21,1.0,0.0,0.047619047619047616,Credit,6805.926865481348,0.023809523809523808,3402.9753375025784,Standard Customer,Regular Monitoring,Loyalty rewards,Monthly insights,5–10%
AC00137,125.71700000000001,156.33264811861207,10,1.0,0.0,0.0,Debit,1965.36695581606,0.0,982.68347790803,Standard Customer,Regular Monitoring,Loyalty rewards,Monthly insights,5–10%
AC00138,199.86666666666667,155.08904328374285,6,1.5,0.0,0.0,Credit,5166.18749190943,0.0,2583.093745954715,Security Concern,Security Education,Free security audit,Alerts via SMS/email,10–15%
AC00139,147.80960000000002,168.28521252326362,25,1.8,0.0,0.0,Debit,994.9667581604732,0.0,497.4833790802366,Security Concern,Security Education,Free security audit,Alerts via SMS/email,10–15%
AC00140,174.16923076923075,66.93082678675779,13,1.0,0.0,0.0,Debit,896.7145938064334,0.0,448.3572969032167,Standard Customer,Regular Monitoring,Loyalty rewards,Monthly insights,5–10%
AC00141,188.0253846153846,213.7916541719759,13,1.0,0.0,0.0,Debit,3092.1734546978164,0.0,1546.0867273489082,Standard Customer,Regular Monitoring,Loyalty rewards,Monthly insights,5–10%
AC00142,270.39666666666665,268.3985007906465,6,1.0,0.0,0.0,Credit,12095.674642741144,0.0,6047.837321370572,Standard Customer,Regular Monitoring,Loyalty rewards,Monthly insights,5–10%
AC00143,254.74692307692308,109.22973552598634,13,1.0,0.0,0.0,Debit,2140.4566840995703,0.0,1070.2283420497852,Standard Customer,Regular Monitoring,Loyalty rewards,Monthly insights,5–10%
AC00144,200.62055555555557,169.2938693678999,18,1.3333333333333333,0.0,0.05555555555555555,Debit,1886.8793465476879,0.027777777777777776,943.4535621627329,Standard Customer,Regular Monitoring,Loyalty rewards,Monthly insights,5–10%
AC00145,234.45666666666668,161.61424354044888,12,2.0,0.0,0.0,Debit,3157.627805726726,0.0,1578.813902863363,Security Concern,Security Education,Free security audit,Alerts via SMS/email,10–15%
AC00146,574.9016666666666,591.0755736592967,6,1.0,0.0,0.0,Credit,56635.04596460663,0.0,28317.522982303315,High-Value At Risk,Proactive Outreach,Premium fraud protection + rewards,Dedicated manager,15–20%
AC00147,124.28400000000002,104.41533010051734,10,1.0,0.0,0.1,Debit,1297.715358849734,0.05,648.882679424867,Standard Customer,Regular Monitoring,Loyalty rewards,Monthly insights,5–10%
AC00148,458.21999999999997,413.1062662978443,12,1.0,0.0,0.08333333333333333,Debit,15774.461464044729,0.041666666666666664,7887.2515653556975,Standard Customer,Regular Monitoring,Loyalty rewards,Monthly insights,5–10%
AC00149,324.15923076923076,379.3238977765031,13,1.2307692307692308,0.0,0.0,Debit,9458.564112081036,0.0,4729.282056040518,Standard Customer,Regular Monitoring,Loyalty rewards,Monthly insights,5–10%
AC00150,198.856875,241.1206677915645,16,1.375,0.0,0.0,Debit,2996.781218635153,0.0,1498.3906093175765,Standard Customer,Regular Monitoring,Loyalty rewards,Monthly insights,5–10%
AC00151,277.69,86.64404758446008,12,1.0,0.0,0.0,Credit,2005.0152973927852,0.0,1002.5076486963926,Standard Customer,Regular Monitoring,Loyalty rewards,Monthly insights,5–10%
AC00152,311.20769230769235,258.43971825017684,13,1.0,0.0,0.0,Debit,6186.801702345079,0.0,3093.4008511725397,Standard Customer,Regular Monitoring,Loyalty rewards,Monthly insights,5–10%
AC00153,254.71823529411765,266.4507795830989,17,1.3529411764705883,0.0,0.0,Debit,3992.345198576686,0.0,1996.172599288343,Standard Customer,Regular Monitoring,Loyalty rewards,Monthly insights,5–10%
AC00154,143.92999999999998,173.92620662223388,9,1.0,0.0,0.0,Debit,2781.4662375190983,0.0,1390.7331187595491,Standard Customer,Regular Monitoring,Loyalty rewards,Monthly insights,5–10%
AC00155,297.51642857142855,193.7726712336726,14,1.0,0.0,0.0,Debit,4117.896355877965,0.0,2058.9481779389826,Standard Customer,Regular Monitoring,Loyalty rewards,Monthly insights,5–10%
AC00156,362.26071428571424,377.5617060818676,14,1.0,0.0,0.0,Debit,9769.697397318063,0.0,4884.8486986590315,Standard Customer,Regular Monitoring,Loyalty rewards,Monthly insights,5–10%
AC00157,224.48466666666667,106.6447442859212,15,1.0,0.0,0.0,Credit,1596.007218451314,0.0,798.003609225657,Standard Customer,Regular Monitoring,Loyalty rewards,Monthly insights,5–10%
AC00158,338.4542105263158,185.20629390900507,19,1.0,0.0,0.05263157894736842,Debit,3299.1498258066995,0.02631578947368421,1649.5880707980866,Standard Customer,Regular Monitoring,Loyalty rewards,Monthly insights,5–10%
AC00159,260.92266666666666,130.18217424970652,15,1.0,0.0,0.0,Credit,2264.4985195466384,0.0,1132.2492597733192,Standard Customer,Regular Monitoring,Loyalty rewards,Monthly insights,5–10%
AC00160,525.87,307.3031071542666,4,1.0,0.0,0.0,Debit,40400.36113971326,0.0,20200.18056985663,High-Value At Risk,Proactive Outreach,Premium fraud protection + rewards,Dedicated manager,15–20%
AC00161,359.42400000000004,348.1996553766882,10,2.2,0.0,0.1,Debit,12515.130041898077,0.05,6257.590020949038,Security Concern,Security Education,Free security audit,Alerts via SMS/email,10–15%
AC00162,44.875,15.718983745776955,2,1.0,0.0,0.0,Debit,352.69452144860963,0.0,176.34726072430482,Dormant/New Customer,Engagement Campaign,Cashback incentives,Onboarding support,20–25%
AC00163,288.95,87.26187197166928,3,1.0,0.0,0.0,Debit,8404.769833814667,0.0,4202.384916907334,Dormant/New Customer,Engagement Campaign,Cashback incentives,Onboarding support,20–25%
AC00164,533.678,225.82893244420407,10,1.0,0.0,0.0,Debit,12051.992095696585,0.0,6025.996047848293,Standard Customer,Regular Monitoring,Loyalty rewards,Monthly insights,5–10%
AC00165,415.6763157894737,335.83339176526414,19,1.0,0.0,0.0,Debit,7347.262087410834,0.0,3673.631043705417,Standard Customer,Regular Monitoring,Loyalty rewards,Monthly insights,5–10%
AC00166,227.71333333333334,177.49624438195016,12,1.0,0.0,0.16666666666666666,Debit,3368.18817451447,0.08333333333333333,1684.1357539239018,Standard Customer,Regular Monitoring,Loyalty rewards,Monthly insights,5–10%
AC00167,360.76545454545453,154.4434350410296,11,1.0,0.0,0.09090909090909091,Debit,5065.259179898114,0.045454545454545456,2532.6523172217844,Standard Customer,Regular Monitoring,Loyalty rewards,Monthly insights,5–10%
AC00168,75.00999999999999,3.9880822458921332,2,1.0,0.0,0.0,Credit,149.5729498457095,0.0,74.78647492285475,Dormant/New Customer,Engagement Campaign,Cashback incentives,Onboarding support,20–25%
AC00169,64.5925,47.98506460347844,4,4.0,0.0,0.0,Debit,774.8686276328884,0.0,387.4343138164442,Security Concern,Security Education,Free security audit,Alerts via SMS/email,10–15%
AC00170,210.58315789473687,352.5492491845427,19,1.4210526315789473,0.0,0.0,Debit,3907.417384172742,0.0,1953.708692086371,Standard Customer,Regular Monitoring,Loyalty rewards,Monthly insights,5–10%
AC00171,155.5688888888889,195.6336138833144,18,1.0,0.0,0.0,Debit,1690.8056805744138,0.0,845.4028402872069,Standard Customer,Regular Monitoring,Loyalty rewards,Monthly insights,5–10%
AC00172,564.7846153846153,439.6884088498616,13,1.0,0.0,0.0,Debit,19102.248444545705,0.0,9551.124222272852,Standard Customer,Regular Monitoring,Loyalty rewards,Monthly insights,5–10%
AC00173,428.94875,214.12230339808136,8,1.0,0.0,0.0,Debit,11480.93536359905,0.0,5740.467681799525,Standard Customer,Regular Monitoring,Loyalty rewards,Monthly insights,5–10%
AC00174,175.06499999999997,109.96637291793921,12,1.6666666666666667,0.0,0.0,Debit,1604.2717892172698,0.0,802.1358946086349,Security Concern,Security Education,Free security audit,Alerts via SMS/email,10–15%
AC00175,247.93789473684208,226.61619760631376,19,1.0,0.0,0.05263157894736842,Credit,2957.1968416095146,0.02631578947368421,1478.6115786994942,Standard Customer,Regular Monitoring,Loyalty rewards,Monthly insights,5–10%
AC00176,427.25166666666667,307.0995612127423,18,1.0,0.0,0.0,Debit,7289.377337298268,0.0,3644.688668649134,Standard Customer,Regular Monitoring,Loyalty rewards,Monthly insights,5–10%
AC00177,349.89549999999997,220.88615823481751,20,1.0,0.0,0.05,Credit,3864.353445714857,0.025,1932.1892228574286,Standard Customer,Regular Monitoring,Loyalty rewards,Monthly insights,5–10%
AC00178,212.92461538461538,164.74624439904463,13,1.4615384615384615,0.0,0.0,Debit,2698.3483097213934,0.0,1349.1741548606967,Security Concern,Security Education,Free security audit,Alerts via SMS/email,10–15%
AC00179,611.6330769230769,600.2373372728575,13,1.0,0.0,0.0,Debit,28240.38317230226,0.0,14120.19158615113,High-Value At Risk,Proactive Outreach,Premium fraud protection + rewards,Dedicated manager,15–20%
AC00180,108.195,1.0818733752154035,2,1.0,0.0,0.5,Debit,58.52661565240746,0.25,29.38830782620373,Dormant/New Customer,Engagement Campaign,Cashback incentives,Onboarding support,20–25%
AC00181,254.60099999999997,296.4994910038726,10,1.0,0.0,0.0,Debit,7548.905936017103,0.0,3774.4529680085516,Standard Customer,Regular Monitoring,Loyalty rewards,Monthly insights,5–10%
AC00182,426.24315789473684,295.64851368648755,19,1.0526315789473684,0.0,0.0,Debit,6632.534182530505,0.0,3316.2670912652525,Standard Customer,Regular Monitoring,Loyalty rewards,Monthly insights,5–10%
AC00183,248.647,189.64717058849632,10,1.0,0.0,0.0,Debit,4715.519530979831,0.0,2357.7597654899155,Standard Customer,Regular Monitoring,Loyalty rewards,Monthly insights,5–10%
AC00184,238.86636363636364,166.87190376289996,11,1.0,0.0,0.0,Debit,3623.643747388854,0.0,1811.821873694427,Standard Customer,Regular Monitoring,Loyalty rewards,Monthly insights,5–10%
AC00185,269.2255,324.13270184447606,20,1.0,0.0,0.05,Debit,4363.239217859538,0.025,2181.632108929769,Standard Customer,Regular Monitoring,Loyalty rewards,Monthly insights,5–10%
AC00186,219.8066666666667,32.77307482268538,3,1.0,0.0,0.0,Debit,2401.2459773152514,0.0,1200.6229886576257,Dormant/New Customer,Engagement Campaign,Cashback incentives,Onboarding support,20–25%
AC00187,226.096,130.9579886155183,10,1.8,0.0,0.0,Debit,2960.907443310679,0.0,1480.4537216553395,Security Concern,Security Education,Free security audit,Alerts via SMS/email,10–15%
AC00188,134.3875,79.88058283045595,16,1.0,0.0,0.0,Credit,670.9344471370907,0.0,335.46722356854536,Standard Customer,Regular Monitoring,Loyalty rewards,Monthly insights,5–10%
AC00189,302.14916666666664,196.17814373946095,12,2.6666666666666665,0.0,0.0,Debit,4939.588142458628,0.0,2469.794071229314,Security Concern,Security Education,Free security audit,Alerts via SMS/email,10–15%
AC00190,298.62666666666667,262.6585004335477,9,1.0,0.0,0.0,Debit,8715.202637881437,0.0,4357.601318940719,Standard Customer,Regular Monitoring,Loyalty rewards,Monthly insights,5–10%
AC00191,145.30428571428573,146.4071685240791,7,1.4285714285714286,0.0,0.0,Debit,3039.0837152512363,0.0,1519.5418576256181,Security Concern,Security Education,Free security audit,Alerts via SMS/email,10–15%
AC00192,568.1,249.97388050221033,10,1.0,0.0,0.0,Debit,14201.0147312291,0.0,7100.50736561455,Standard Customer,Regular Monitoring,Loyalty rewards,Monthly insights,5–10%
AC00193,261.15833333333336,187.17662721789455,6,1.0,0.0,0.0,Debit,8147.121309343112,0.0,4073.560654671556,Standard Customer,Regular Monitoring,Loyalty rewards,Monthly insights,5–10%
AC00194,146.72125,136.3353440640813,8,1.25,0.0,0.0,Credit,2500.4111999813613,0.0,1250.2055999906806,Standard Customer,Regular Monitoring,Loyalty rewards,Monthly insights,5–10%
AC00195,501.1816666666667,104.13315253398731,6,1.0,0.0,0.0,Credit,8698.269707328045,0.0,4349.134853664023,Standard Customer,Regular Monitoring,Loyalty rewards,Monthly insights,5–10%
AC00196,351.978125,314.6175506276099,16,1.0,0.0,0.0,Debit,6921.155540052697,0.0,3460.5777700263484,Standard Customer,Regular Monitoring,Loyalty rewards,Monthly insights,5–10%
AC00197,124.88444444444445,124.17069482280341,9,1.0,0.0,0.1111111111111111,Debit,1722.9985018031066,0.05555555555555555,861.5270286793311,Standard Customer,Regular Monitoring,Loyalty rewards,Monthly insights,5–10%
AC00198,506.4025,39.0790074720431,4,1.0,0.0,0.25,Debit,4947.425533483943,0.125,2473.7752667419713,Dormant/New Customer,Engagement Campaign,Cashback incentives,Onboarding support,20–25%
AC00199,7.140000000000001,0.0848528137423861,2,1.0,0.0,0.0,Credit,0.30292439359812157,0.0,0.15146219679906078,Dormant/New Customer,Engagement Campaign,Cashback incentives,Onboarding support,20–25%
AC00200,198.8122222222222,195.15465136068985,18,1.8333333333333333,0.0,0.0,Debit,2155.5070976952593,0.0,1077.7535488476296,Security Concern,Security Education,Free security audit,Alerts via SMS/email,10–15%
AC00201,207.70749999999998,140.79835233572354,12,1.0,0.0,0.0,Debit,2437.07261089164,0.0,1218.53630544582,Standard Customer,Regular Monitoring,Loyalty rewards,Monthly insights,5–10%
AC00202,269.2830434782609,201.63115182374662,23,1.0,0.0,0.08695652173913043,Debit,2360.6890374972495,0.043478260869565216,1180.3662578790595,Standard Customer,Regular Monitoring,Loyalty rewards,Monthly insights,5–10%
AC00203,549.5853333333333,369.424727397045,15,1.0,0.0,0.0,Debit,13535.35989418139,0.0,6767.679947090695,Standard Customer,Regular Monitoring,Loyalty rewards,Monthly insights,5–10%
AC00204,348.3253846153847,233.99555920342394,13,1.0,0.0,0.0,Debit,6269.737452929785,0.0,3134.8687264648925,Standard Customer,Regular Monitoring,Loyalty rewards,Monthly insights,5–10%
AC00205,241.30454545454543,361.1288192145189,11,1.0,0.0,0.09090909090909091,Credit,7922.001604463145,0.045454545454545456,3961.0235295043,Standard Customer,Regular Monitoring,Loyalty rewards,Monthly insights,5–10%
AC00206,223.43,205.2782371563045,5,2.8,0.0,0.0,Credit,9173.061470954328,0.0,4586.530735477164,Security Concern,Security Education,Free security audit,Alerts via SMS/email,10–15%
AC00207,109.776,99.25099510836151,5,1.0,0.0,0.0,Debit,2179.075011988096,0.0,1089.537505994048,Standard Customer,Regular Monitoring,Loyalty rewards,Monthly insights,5–10%
AC00208,588.4677777777778,374.12459975848213,9,1.0,0.0,0.0,Debit,24462.24970773609,0.0,12231.124853868045,Standard Customer,Regular Monitoring,Loyalty rewards,Monthly insights,5–10%
AC00209,246.87833333333336,102.45881802547044,18,1.0,0.0,0.0,Debit,1405.2700457867436,0.0,702.6350228933718,Standard Customer,Regular Monitoring,Loyalty rewards,Monthly insights,5–10%
AC00210,246.24181818181816,100.32716569485872,11,1.0,0.0,0.0,Debit,2245.885586167724,0.0,1122.942793083862,Standard Customer,Regular Monitoring,Loyalty rewards,Monthly insights,5–10%
AC00211,482.933,305.14462418298933,10,1.3,0.0,0.0,Debit,14736.439405412419,0.0,7368.219702706209,Standard Customer,Regular Monitoring,Loyalty rewards,Monthly insights,5–10%
AC00212,335.2325,232.10920660942588,8,1.0,0.0,0.125,Debit,9726.31748479711,0.0625,4863.189992398555,Standard Customer,Regular Monitoring,Loyalty rewards,Monthly insights,5–10%
AC00213,263.7555555555556,297.3014584009306,18,1.0,0.0,0.0,Debit,4356.383720646146,0.0,2178.191860323073,Standard Customer,Regular Monitoring,Loyalty rewards,Monthly insights,5–10%
AC00214,109.994,6.713343429320441,5,1.0,0.0,0.0,Debit,147.68546989584053,0.0,73.84273494792026,Standard Customer,Regular Monitoring,Loyalty rewards,Monthly insights,5–10%
AC00215,256.15749999999997,250.9831339220493,16,1.0,0.0,0.0625,Debit,4018.2005068398016,0.03125,2009.1158784199008,Standard Customer,Regular Monitoring,Loyalty rewards,Monthly insights,5–10%
AC00216,226.361875,188.07842967651376,16,1.5,0.0,0.0,Debit,2660.8614579856153,0.0,1330.4307289928076,Security Concern,Security Education,Free security audit,Alerts via SMS/email,10–15%
AC00217,269.1564285714286,427.2328746823454,14,1.0,0.0,0.0,Debit,8213.747607432659,0.0,4106.873803716329,Standard Customer,Regular Monitoring,Loyalty rewards,Monthly insights,5–10%
AC00218,233.31388888888887,160.66357763383888,18,1.5555555555555556,0.0,0.0,Debit,2082.50233433614,0.0,1041.25116716807,Security Concern,Security Education,Free security audit,Alerts via SMS/email,10–15%
AC00219,102.96391304347826,95.93828194773452,23,1.0,0.0,0.0,Debit,429.4861082835273,0.0,214.74305414176365,Standard Customer,Regular Monitoring,Loyalty rewards,Monthly insights,5–10%
AC00220,501.21208333333334,535.9020870658726,24,1.0,0.0,0.0,Debit,11191.691263719838,0.0,5595.845631859919,Standard Customer,Regular Monitoring,Loyalty rewards,Monthly insights,5–10%
AC00221,170.66,5.4521463663405045,3,1.0,0.0,0.0,Debit,310.1543295751136,0.0,155.0771647875568,Dormant/New Customer,Engagement Campaign,Cashback incentives,Onboarding support,20–25%
AC00222,398.11428571428576,369.23168877445784,7,1.0,0.0,0.0,Debit,20999.484148576943,0.0,10499.742074288471,Standard Customer,Regular Monitoring,Loyalty rewards,Monthly insights,5–10%
AC00223,402.355,429.20133945503943,6,1.0,0.0,0.0,Debit,28781.87935909217,0.0,14390.939679546085,High-Value At Risk,Proactive Outreach,Premium fraud protection + rewards,Dedicated manager,15–20%
AC00224,205.746,55.60485752162305,5,1.4,0.0,0.0,Debit,2288.094945509782,0.0,1144.047472754891,Standard Customer,Regular Monitoring,Loyalty rewards,Monthly insights,5–10%
AC00225,263.2006666666667,157.39103260468116,30,1.1333333333333333,0.0,0.0,Debit,1380.8474442686568,0.0,690.4237221343284,Standard Customer,Regular Monitoring,Loyalty rewards,Monthly insights,5–10%
AC00227,233.23428571428573,255.73481970781572,14,2.4285714285714284,0.0,0.0,Debit,4260.4374104561875,0.0,2130.2187052280938,Security Concern,Security Education,Free security audit,Alerts via SMS/email,10–15%
AC00228,276.0792307692308,278.7682186411481,13,1.7692307692307692,0.0,0.0,Debit,5920.162265014973,0.0,2960.0811325074865,Security Concern,Security Education,Free security audit,Alerts via SMS/email,10–15%
AC00229,255.44916666666666,193.8686365210091,12,1.0,0.0,0.0,Debit,4126.964792927491,0.0,2063.4823964637453,Standard Customer,Regular Monitoring,Loyalty rewards,Monthly insights,5–10%
AC00230,283.726,274.86894522460864,10,1.0,0.0,0.0,Debit,7798.745855405146,0.0,3899.372927702573,Standard Customer,Regular Monitoring,Loyalty rewards,Monthly insights,5–10%
AC00231,259.17,253.97314109960524,7,1.0,0.0,0.0,Debit,9403.172796515986,0.0,4701.586398257993,Standard Customer,Regular Monitoring,Loyalty rewards,Monthly insights,5–10%
AC00232,182.95461538461538,253.3155945856007,13,1.0,0.0,0.0,Credit,3565.019508716479,0.0,1782.5097543582394,Standard Customer,Regular Monitoring,Loyalty rewards,Monthly insights,5–10%
AC00233,149.63933333333335,155.0473616335467,15,1.0,0.0,0.0,Debit,1546.7454855460462,0.0,773.3727427730231,Standard Customer,Regular Monitoring,Loyalty rewards,Monthly insights,5–10%
AC00235,178.2115,186.50286864662715,20,1.0,0.0,0.0,Debit,1661.8477156985339,0.0,830.9238578492669,Standard Customer,Regular Monitoring,Loyalty rewards,Monthly insights,5–10%
AC00236,348.6664705882353,303.1823419977897,17,1.0,0.0,0.0,Debit,6218.206524166948,0.0,3109.103262083474,Standard Customer,Regular Monitoring,Loyalty rewards,Monthly insights,5–10%
AC00237,272.18833333333333,268.6225320148342,12,1.75,0.0,0.08333333333333333,Debit,6092.992765992078,0.041666666666666664,3046.5172163293723,Security Concern,Security Education,Free security audit,Alerts via SMS/email,10–15%
AC00238,340.345,6.597306268470457,2,1.0,0.0,0.0,Debit,1122.679539631519,0.0,561.3397698157595,Dormant/New Customer,Engagement Campaign,Cashback incentives,Onboarding support,20–25%
AC00239,214.50166666666667,81.8577352188021,12,1.25,0.0,0.0,Debit,1463.2182642311238,0.0,731.6091321155619,Standard Customer,Regular Monitoring,Loyalty rewards,Monthly insights,5–10%
AC00240,879.3333333333334,458.35221231421303,3,1.0,0.0,0.0,Debit,134348.08144896108,0.0,67174.04072448054,High-Value At Risk,Proactive Outreach,Premium fraud protection + rewards,Dedicated manager,15–20%
AC00241,181.54240000000001,105.02106158925139,25,1.08,0.0,0.04,Debit,762.6309923531808,0.02,381.3254961765904,Standard Customer,Regular Monitoring,Loyalty rewards,Monthly insights,5–10%
AC00242,105.83227272727272,121.37258241157849,22,1.0,0.0,0.0,Debit,583.8698027057162,0.0,291.9349013528581,Standard Customer,Regular Monitoring,Loyalty rewards,Monthly insights,5–10%
AC00243,208.15285714285716,133.44965826286776,7,2.142857142857143,0.0,0.14285714285714285,Debit,3968.274811982715,0.07142857142857142,1984.1731202770718,Security Concern,Security Education,Free security audit,Alerts via SMS/email,10–15%
AC00244,393.605,230.5448352106542,14,1.0,0.0,0.0,Debit,6481.68524152888,0.0,3240.84262076444,Standard Customer,Regular Monitoring,Loyalty rewards,Monthly insights,5–10%
AC00245,176.85833333333335,116.46830562497041,12,1.3333333333333333,0.0,0.0,Debit,1716.532391871431,0.0,858.2661959357155,Standard Customer,Regular Monitoring,Loyalty rewards,Monthly insights,5–10%
AC00246,91.86666666666667,103.19458947527093,12,1.3333333333333333,0.0,0.0,Debit,790.0118469263647,0.0,395.00592346318234,Standard Customer,Regular Monitoring,Loyalty rewards,Monthly insights,5–10%
AC00247,116.84631578947368,99.44724007178247,19,1.0,0.0,0.0,Debit,611.5812108546255,0.0,305.79060542731276,Standard Customer,Regular Monitoring,Loyalty rewards,Monthly insights,5–10%
AC00248,245.79533333333333,277.78021422048937,15,1.0,0.0,0.0,Credit,4551.805053061658,0.0,2275.902526530829,Standard Customer,Regular Monitoring,Loyalty rewards,Monthly insights,5–10%
AC00249,96.0625,94.05851047543302,8,1.0,0.0,0.0,Debit,1129.4368166386837,0.0,564.7184083193418,Standard Customer,Regular Monitoring,Loyalty rewards,Monthly insights,5–10%
AC00250,621.5333333333333,362.7457786200505,6,1.0,0.0,0.0,Credit,37576.425893648244,0.0,18788.212946824122,High-Value At Risk,Proactive Outreach,Premium fraud protection + rewards,Dedicated manager,15–20%
AC00251,765.010909090909,269.4957824699506,11,1.0,0.0,0.0,Debit,18742.47225463914,0.0,9371.23612731957,Standard Customer,Regular Monitoring,Loyalty rewards,Monthly insights,5–10%
AC00252,691.8679999999999,499.1639068181913,5,1.0,0.0,0.0,Debit,69071.09296227909,0.0,34535.54648113954,High-Value At Risk,Proactive Outreach,Premium fraud protection + rewards,Dedicated manager,15–20%
AC00253,547.053125,312.90667364181184,16,1.0,0.0,0.0,Debit,10698.535184410819,0.0,5349.2675922054095,Standard Customer,Regular Monitoring,Loyalty rewards,Monthly insights,5–10%
AC00254,219.57473684210527,187.80933737195699,19,1.1578947368421053,0.0,0.0,Debit,2170.4307189214155,0.0,1085.2153594607078,Standard Customer,Regular Monitoring,Loyalty rewards,Monthly insights,5–10%
AC00255,321.42,195.24965772057067,11,1.0,0.0,0.0,Debit,5705.194479941032,0.0,2852.597239970516,Standard Customer,Regular Monitoring,Loyalty rewards,Monthly insights,5–10%
AC00256,442.18600000000004,198.3269011954197,10,1.0,0.0,0.0,Debit,8769.737036226083,0.0,4384.868518113041,Standard Customer,Regular Monitoring,Loyalty rewards,Monthly insights,5–10%
AC00257,381.9246428571428,313.63002283868434,28,1.0,0.0,0.07142857142857142,Debit,4277.965363713453,0.03571428571428571,2139.000538999584,Standard Customer,Regular Monitoring,Loyalty rewards,Monthly insights,5–10%
AC00258,246.73049999999998,212.65116697428755,20,1.0,0.0,0.05,Debit,2623.376306488657,0.025,1311.7006532443286,Standard Customer,Regular Monitoring,Loyalty rewards,Monthly insights,5–10%
AC00259,204.09,169.0317943465075,3,1.0,0.0,0.0,Debit,11499.229136316526,0.0,5749.614568158263,Dormant/New Customer,Engagement Campaign,Cashback incentives,Onboarding support,20–25%
AC00260,126.57555555555557,70.9899378628956,9,1.6666666666666667,0.0,0.0,Debit,998.3988694946123,0.0,499.19943474730616,Security Concern,Security Education,Free security audit,Alerts via SMS/email,10–15%
AC00261,118.60879999999999,180.43534419841365,25,1.24,0.0,0.0,Debit,856.0487518764819,0.0,428.02437593824095,Standard Customer,Regular Monitoring,Loyalty rewards,Monthly insights,5–10%
AC00262,425.500625,290.2151303307887,16,1.5,0.0,0.0625,Credit,7717.9194763929745,0.03125,3858.9753631964873,Security Concern,Security Education,Free security audit,Alerts via SMS/email,10–15%
AC00263,240.2292857142857,212.3397174871613,14,1.0,0.0,0.0,Debit,3643.586786937657,0.0,1821.7933934688285,Standard Customer,Regular Monitoring,Loyalty rewards,Monthly insights,5–10%
AC00264,463.62,272.56485894798203,13,1.6923076923076923,0.0,0.07692307692307693,Debit,9720.500783458665,0.038461538461538464,4860.269622498563,Security Concern,Security Education,Free security audit,Alerts via SMS/email,10–15%
AC00265,473.58238095238096,463.36394693485556,21,1.0,0.0,0.0,Debit,10449.570989872886,0.0,5224.785494936443,Standard Customer,Regular Monitoring,Loyalty rewards,Monthly insights,5–10%
AC00266,180.121,205.54928613892636,10,1.0,0.0,0.1,Debit,3702.3739266255634,0.05,1851.2119633127818,Standard Customer,Regular Monitoring,Loyalty rewards,Monthly insights,5–10%
AC00267,184.64,194.56149484654736,27,1.0,0.0,0.037037037037037035,Debit,1330.5123362205245,0.018518518518518517,665.2654273695215,Standard Customer,Regular Monitoring,Loyalty rewards,Monthly insights,5–10%
AC00268,422.31888888888886,600.5214466079551,9,1.0,0.0,0.0,Debit,28179.057989595756,0.0,14089.528994797878,High-Value At Risk,Proactive Outreach,Premium fraud protection + rewards,Dedicated manager,15–20%
AC00269,163.075,28.674884577894215,10,1.0,0.0,0.0,Debit,467.61563349244653,0.0,233.80781674622327,Standard Customer,Regular Monitoring,Loyalty rewards,Monthly insights,5–10%
AC00270,375.22333333333336,145.94907136851995,3,1.0,0.0,0.0,Debit,18254.49293376923,0.0,9127.246466884615,Dormant/New Customer,Engagement Campaign,Cashback incentives,Onboarding support,20–25%
AC00271,126.18071428571429,113.49380474208785,14,1.0,0.0,0.07142857142857142,Credit,1022.9091661750618,0.03571428571428571,511.4724402303881,Standard Customer,Regular Monitoring,Loyalty rewards,Monthly insights,5–10%
AC00272,297.42315789473685,206.63131528434977,19,1.631578947368421,0.0,0.0,Debit,3234.5755303809883,0.0,1617.2877651904942,Security Concern,Security Education,Free security audit,Alerts via SMS/email,10–15%
AC00273,597.675,650.0059805109488,4,1.0,0.0,0.0,Debit,97123.05681970612,0.0,48561.52840985306,High-Value At Risk,Proactive Outreach,Premium fraud protection + rewards,Dedicated manager,15–20%
AC00274,255.61785714285716,291.4675042496444,14,1.0,0.0,0.0,Debit,5321.735252952533,0.0,2660.8676264762667,Standard Customer,Regular Monitoring,Loyalty rewards,Monthly insights,5–10%
AC00275,222.9141666666667,167.78103691150991,24,1.0,0.0,0.041666666666666664,Debit,1558.36535280138,0.020833333333333332,779.1930930673566,Standard Customer,Regular Monitoring,Loyalty rewards,Monthly insights,5–10%
AC00276,268.6554545454546,245.0538283873009,11,1.0,0.0,0.18181818181818182,Debit,5985.003788044578,0.09090909090909091,2992.5473485677435,Standard Customer,Regular Monitoring,Loyalty rewards,Monthly insights,5–10%
AC00277,577.7800000000001,212.04450659000813,9,1.0,0.0,0.0,Debit,13612.784600532257,0.0,6806.392300266129,Standard Customer,Regular Monitoring,Loyalty rewards,Monthly insights,5–10%
AC00278,251.43500000000003,117.51827649348846,6,1.0,0.0,0.0,Debit,4924.700487573298,0.0,2462.350243786649,Standard Customer,Regular Monitoring,Loyalty rewards,Monthly insights,5–10%
AC00279,278.9822222222222,354.4785608476958,18,1.5,0.0,0.05555555555555555,Debit,5494.067285631006,0.027777777777777776,2747.0475317043915,Security Concern,Security Education,Free security audit,Alerts via SMS/email,10–15%
AC00280,276.42333333333335,230.3414231224176,12,1.0,0.0,0.08333333333333333,Debit,5305.978223188684,0.041666666666666664,2653.0099449276754,Standard Customer,Regular Monitoring,Loyalty rewards,Monthly insights,5–10%
AC00281,276.146,231.8595123584778,10,1.0,0.0,0.0,Debit,6402.707049703717,0.0,3201.3535248518583,Standard Customer,Regular Monitoring,Loyalty rewards,Monthly insights,5–10%
AC00282,246.7938888888889,282.51430602275053,18,1.2222222222222223,0.0,0.0,Debit,3873.488909811741,0.0,1936.7444549058705,Standard Customer,Regular Monitoring,Loyalty rewards,Monthly insights,5–10%
AC00283,75.905,2.1329556957424147,4,1.0,0.0,0.0,Debit,40.47549040245939,0.0,20.237745201229696,Dormant/New Customer,Engagement Campaign,Cashback incentives,Onboarding support,20–25%
AC00284,396.5969230769231,290.24843831130914,26,1.0,0.0,0.0,Debit,4427.370505183724,0.0,2213.685252591862,Standard Customer,Regular Monitoring,Loyalty rewards,Monthly insights,5–10%
AC00285,403.7835294117647,348.8937466647471,17,1.0,0.0,0.0,Debit,8286.914125357149,0.0,4143.457062678574,Standard Customer,Regular Monitoring,Loyalty rewards,Monthly insights,5–10%
AC00286,80.86454545454545,86.00911060621848,11,1.0,0.0,0.0,Debit,632.280636530995,0.0,316.1403182654975,Standard Customer,Regular Monitoring,Loyalty rewards,Monthly insights,5–10%
AC00287,320.885,350.54818677323095,2,1.0,0.0,0.0,Credit,56242.79933496443,0.0,28121.399667482216,High-Value At Risk,Proactive Outreach,Premium fraud protection + rewards,Dedicated manager,15–20%
AC00288,222.35,330.34114808785176,11,1.0,0.0,0.0,Debit,6677.395236358056,0.0,3338.697618179028,Standard Customer,Regular Monitoring,Loyalty rewards,Monthly insights,5–10%
AC00289,357.6228571428572,274.33942909677216,7,1.0,0.0,0.0,Debit,14015.719492115495,0.0,7007.8597460577475,Standard Customer,Regular Monitoring,Loyalty rewards,Monthly insights,5–10%
AC00290,308.212,415.9511992690168,10,1.0,0.0,0.0,Debit,12820.11382089884,0.0,6410.05691044942,Standard Customer,Regular Monitoring,Loyalty rewards,Monthly insights,5–10%
AC00291,349.99583333333334,326.8468591768749,12,1.0,0.0,0.08333333333333333,Debit,9532.919109756156,0.041666666666666664,4766.480388211411,Standard Customer,Regular Monitoring,Loyalty rewards,Monthly insights,5–10%
AC00292,290.39533333333327,214.17235258637132,15,1.0,0.0,0.06666666666666667,Debit,4146.30983825291,0.03333333333333333,2073.1715857931217,Standard Customer,Regular Monitoring,Loyalty rewards,Monthly insights,5–10%
AC00293,100.02,42.949149584130296,9,1.0,0.0,0.0,Debit,477.3081626773944,0.0,238.6540813386972,Standard Customer,Regular Monitoring,Loyalty rewards,Monthly insights,5–10%
AC00294,313.47799999999995,31.977429852944717,5,1.0,0.0,0.0,Debit,2004.8437501195303,0.0,1002.4218750597652,Standard Customer,Regular Monitoring,Loyalty rewards,Monthly insights,5–10%
AC00295,256.355,111.41293583880744,10,1.2,0.0,0.0,Debit,2856.1260310831453,0.0,1428.0630155415727,Standard Customer,Regular Monitoring,Loyalty rewards,Monthly insights,5–10%
AC00296,338.2911111111111,237.34840053413274,9,1.0,0.0,0.0,Debit,8921.42724618995,0.0,4460.713623094975,Standard Customer,Regular Monitoring,Loyalty rewards,Monthly insights,5–10%
AC00297,294.54291666666666,257.2767159656694,24,1.0,0.0,0.041666666666666664,Debit,3157.4596313954244,0.020833333333333332,1578.740232364379,Standard Customer,Regular Monitoring,Loyalty rewards,Monthly insights,5–10%
AC00298,132.24411764705883,73.79731254073751,17,1.0,0.0,0.0,Debit,574.0741122117616,0.0,287.0370561058808,Standard Customer,Regular Monitoring,Loyalty rewards,Monthly insights,5–10%
AC00299,116.57666666666667,88.60159098458674,9,1.0,0.0,0.0,Debit,1147.6529989659455,0.0,573.8264994829727,Standard Customer,Regular Monitoring,Loyalty rewards,Monthly insights,5–10%
AC00300,168.1788888888889,146.72556725435112,9,1.0,0.0,0.0,Debit,2741.793347848374,0.0,1370.896673924187,Standard Customer,Regular Monitoring,Loyalty rewards,Monthly insights,5–10%
AC00301,469.7246153846154,290.6572043838866,13,1.0,0.0,0.0,Debit,10502.217925828521,0.0,5251.108962914261,Standard Customer,Regular Monitoring,Loyalty rewards,Monthly insights,5–10%
AC00302,533.8608333333333,361.4121553134777,12,1.0,0.0,0.0,Debit,16078.648194483423,0.0,8039.324097241712,Standard Customer,Regular Monitoring,Loyalty rewards,Monthly insights,5–10%
AC00303,501.85812500000003,554.3359377154945,16,1.0,0.0,0.0,Debit,17387.373558415085,0.0,8693.686779207543,Standard Customer,Regular Monitoring,Loyalty rewards,Monthly insights,5–10%
AC00304,307.495,318.2692858099882,26,1.0769230769230769,0.0,0.038461538461538464,Debit,3764.085010617589,0.019230769230769232,1882.05212069341,Standard Customer,Regular Monitoring,Loyalty rewards,Monthly insights,5–10%
AC00305,278.2133333333333,289.48382954263036,15,1.2,0.0,0.0,Debit,5369.217052929107,0.0,2684.6085264645535,Standard Customer,Regular Monitoring,Loyalty rewards,Monthly insights,5–10%
AC00306,201.52166666666665,136.95298936882986,18,1.0,0.0,0.0,Debit,1533.2773966284153,0.0,766.6386983142077,Standard Customer,Regular Monitoring,Loyalty rewards,Monthly insights,5–10%
AC00307,200.8425,80.20703705322335,8,1.0,0.0,0.25,Debit,2013.6224782174415,0.125,1006.8737391087208,Standard Customer,Regular Monitoring,Loyalty rewards,Monthly insights,5–10%
AC00308,270.6433333333334,87.93398243379329,6,1.0,0.0,0.0,Debit,3966.457025449929,0.0,1983.2285127249645,Standard Customer,Regular Monitoring,Loyalty rewards,Monthly insights,5–10%
AC00309,52.04,0.0,1,1.0,0.0,0.0,Credit,0.0,0.0,0.0,Dormant/New Customer,Engagement Campaign,Cashback incentives,Onboarding support,20–25%
AC00310,423.29842105263157,245.76416039825114,19,1.3157894736842106,0.0,0.0,Debit,5475.346082766279,0.0,2737.6730413831397,Standard Customer,Regular Monitoring,Loyalty rewards,Monthly insights,5–10%
AC00311,289.6627272727273,230.29842453177613,11,1.0,0.0,0.09090909090909091,Debit,6064.442152004045,0.045454545454545456,3032.24380327475,Standard Customer,Regular Monitoring,Loyalty rewards,Monthly insights,5–10%
AC00312,698.61,743.7352049172698,7,1.0,0.0,0.0,Debit,74225.82532591837,0.0,37112.912662959185,High-Value At Risk,Proactive Outreach,Premium fraud protection + rewards,Dedicated manager,15–20%
AC00313,432.62375,328.0087240537317,8,1.0,0.0,0.0,Debit,17738.043311849662,0.0,8869.021655924831,Standard Customer,Regular Monitoring,Loyalty rewards,Monthly insights,5–10%
AC00314,212.53857142857143,181.97030843422877,14,1.0,0.0,0.0,Debit,2762.550473891217,0.0,1381.2752369456084,Standard Customer,Regular Monitoring,Loyalty rewards,Monthly insights,5–10%
AC00315,225.1727272727273,161.0110692524529,11,1.0909090909090908,0.0,0.0,Debit,3295.936208066961,0.0,1647.9681040334806,Standard Customer,Regular Monitoring,Loyalty rewards,Monthly insights,5–10%
AC00316,590.7533333333333,537.4135563864004,12,1.25,0.0,0.08333333333333333,Debit,26456.56861310156,0.041666666666666664,13228.305139884114,Standard Customer,Regular Monitoring,Loyalty rewards,Monthly insights,5–10%
AC00317,386.566875,260.5592531388014,16,1.125,0.0,0.0,Debit,6295.22312143608,0.0,3147.61156071804,Standard Customer,Regular Monitoring,Loyalty rewards,Monthly insights,5–10%
AC00318,349.50857142857143,290.3398058843334,7,1.5714285714285714,0.0,0.0,Debit,14496.60518383956,0.0,7248.30259191978,Security Concern,Security Education,Free security audit,Alerts via SMS/email,10–15%
AC00319,299.1842857142857,169.6241277156546,14,1.0,0.0,0.0,Debit,3624.9192761141153,0.0,1812.4596380570576,Standard Customer,Regular Monitoring,Loyalty rewards,Monthly insights,5–10%
AC00320,361.7375,384.5733916661832,20,1.0,0.0,0.05,Debit,6955.730515605772,0.025,3477.8777578028858,Standard Customer,Regular Monitoring,Loyalty rewards,Monthly insights,5–10%
AC00321,222.5,190.24156871374527,4,1.0,0.0,0.0,Credit,10582.184614155927,0.0,5291.092307077964,Dormant/New Customer,Engagement Campaign,Cashback incentives,Onboarding support,20–25%
AC00322,354.89238095238096,281.4043786067438,21,1.0,0.0,0.0,Debit,4755.631675168614,0.0,2377.815837584307,Standard Customer,Regular Monitoring,Loyalty rewards,Monthly insights,5–10%
AC00323,228.12833333333333,303.1495542082598,6,1.0,0.0,0.0,Credit,11526.16517101802,0.0,5763.08258550901,Standard Customer,Regular Monitoring,Loyalty rewards,Monthly insights,5–10%
AC00324,237.43076923076922,122.87995805266881,13,1.0,0.0,0.0,Debit,2244.2677476324666,0.0,1122.1338738162333,Standard Customer,Regular Monitoring,Loyalty rewards,Monthly insights,5–10%
AC00325,292.90399999999994,181.25557507878995,15,1.2666666666666666,0.0,0.0,Debit,3539.365294900839,0.0,1769.6826474504196,Standard Customer,Regular Monitoring,Loyalty rewards,Monthly insights,5–10%
AC00326,178.347,161.58851093991112,10,1.8,0.0,0.1,Credit,2881.8823278718005,0.05,1440.9661639359003,Security Concern,Security Education,Free security audit,Alerts via SMS/email,10–15%
AC00327,413.16,411.279811503069,9,1.0,0.0,0.1111111111111111,Debit,18880.483115569434,0.05555555555555555,9440.269335562494,Standard Customer,Regular Monitoring,Loyalty rewards,Monthly insights,5–10%
AC00328,156.83833333333334,140.6415088626097,12,1.0,0.0,0.0,Debit,1838.1648341110085,0.0,919.0824170555043,Standard Customer,Regular Monitoring,Loyalty rewards,Monthly insights,5–10%
AC00329,218.81894736842108,196.0160557169499,19,1.0,0.0,0.05263157894736842,Debit,2257.4749853588296,0.02631578947368421,1128.7506505741517,Standard Customer,Regular Monitoring,Loyalty rewards,Monthly insights,5–10%
AC00330,219.34,131.1103062946108,13,1.0,0.0,0.0,Credit,2212.133259271283,0.0,1106.0666296356414,Standard Customer,Regular Monitoring,Loyalty rewards,Monthly insights,5–10%
AC00331,404.74642857142857,384.0552379662861,14,1.2142857142857142,0.0,0.0,Debit,11103.21248841371,0.0,5551.606244206855,Standard Customer,Regular Monitoring,Loyalty rewards,Monthly insights,5–10%
AC00332,294.1805,164.75305966250792,20,1.1,0.0,0.0,Debit,2423.356752234483,0.0,1211.6783761172414,Standard Customer,Regular Monitoring,Loyalty rewards,Monthly insights,5–10%
AC00333,201.38777777777779,212.11576495971354,9,2.7777777777777777,0.0,0.1111111111111111,Debit,4746.390865608808,0.05555555555555555,2373.2232105821818,Security Concern,Security Education,Free security audit,Alerts via SMS/email,10–15%
AC00334,302.8875,86.92763407518402,12,1.0,0.0,0.0,Debit,2194.107630986639,0.0,1097.0538154933195,Standard Customer,Regular Monitoring,Loyalty rewards,Monthly insights,5–10%
AC00335,124.37,165.9098577541431,3,1.0,0.0,0.0,Credit,6878.067376938467,0.0,3439.0336884692333,Dormant/New Customer,Engagement Campaign,Cashback incentives,Onboarding support,20–25%
AC00336,486.36833333333334,350.91388763721886,6,1.6666666666666667,0.0,0.0,Credit,28445.562371345397,0.0,14222.781185672698,High-Value At Risk,Proactive Outreach,Premium fraud protection + rewards,Dedicated manager,15–20%
AC00337,537.5855555555556,233.1165164921566,18,1.0,0.0,0.0,Debit,6962.225836965889,0.0,3481.1129184829447,Standard Customer,Regular Monitoring,Loyalty rewards,Monthly insights,5–10%
AC00338,214.9990476190476,356.6832774872515,21,1.0,0.0,0.047619047619047616,Debit,3651.7410147456444,0.023809523809523808,1825.882412134727,Standard Customer,Regular Monitoring,Loyalty rewards,Monthly insights,5–10%
AC00339,278.2754166666667,199.14745910853108,24,1.0,0.0,0.0,Debit,2309.0766605190743,0.0,1154.5383302595371,Standard Customer,Regular Monitoring,Loyalty rewards,Monthly insights,5–10%
AC00340,316.994,183.50872494243973,5,2.2,0.0,0.0,Debit,11634.230624034622,0.0,5817.115312017311,Security Concern,Security Education,Free security audit,Alerts via SMS/email,10–15%
AC00341,104.6692857142857,70.86638168621778,14,1.0,0.0,0.0,Debit,529.8237873163262,0.0,264.9118936581631,Standard Customer,Regular Monitoring,Loyalty rewards,Monthly insights,5–10%
AC00342,258.84000000000003,107.97109636379543,5,1.0,0.0,0.0,Debit,5589.446598671642,0.0,2794.723299335821,Standard Customer,Regular Monitoring,Loyalty rewards,Monthly insights,5–10%
AC00344,421.2577777777778,463.2938190764522,9,1.0,0.0,0.0,Debit,21685.12255524484,0.0,10842.56127762242,Standard Customer,Regular Monitoring,Loyalty rewards,Monthly insights,5–10%
AC00345,326.6695,294.44366607079616,20,1.0,0.0,0.0,Debit,4809.288018211297,0.0,2404.6440091056484,Standard Customer,Regular Monitoring,Loyalty rewards,Monthly insights,5–10%
AC00346,182.1833333333333,2.2285496030677248,3,1.0,0.0,0.0,Debit,135.334819950245,0.0,67.6674099751225,Dormant/New Customer,Engagement Campaign,Cashback incentives,Onboarding support,20–25%
AC00347,252.13000000000002,130.44534694652776,11,1.0,0.0,0.0,Debit,2989.9256668820344,0.0,1494.9628334410172,Standard Customer,Regular Monitoring,Loyalty rewards,Monthly insights,5–10%
AC00348,327.1033333333333,330.17334754135845,6,1.0,0.0,0.0,Debit,18000.130759745454,0.0,9000.065379872727,Standard Customer,Regular Monitoring,Loyalty rewards,Monthly insights,5–10%
AC00349,151.443,138.44294998702935,10,1.0,0.0,0.1,Debit,2096.6213578264333,0.05,1048.3356789132167,Standard Customer,Regular Monitoring,Loyalty rewards,Monthly insights,5–10%
AC00350,1106.86,682.0851803843857,3,1.0,0.0,0.0,Debit,251657.517034248,0.0,125828.758517124,High-Value At Risk,Proactive Outreach,Premium fraud protection + rewards,Dedicated manager,15–20%
AC00351,119.2475,55.94427249504636,4,1.0,0.0,0.0,Debit,1667.80324163745,0.0,833.901620818725,Dormant/New Customer,Engagement Campaign,Cashback incentives,Onboarding support,20–25%
AC00352,174.2453846153846,139.9323509542727,13,1.0,0.0,0.0,Debit,1875.58187973695,0.0,937.790939868475,Standard Customer,Regular Monitoring,Loyalty rewards,Monthly insights,5–10%
AC00353,83.766,53.76403552148551,10,1.8,0.0,0.0,Debit,450.35977491329805,0.0,225.17988745664903,Security Concern,Security Education,Free security audit,Alerts via SMS/email,10–15%
AC00354,478.07375,445.71414599614343,8,1.75,0.0,0.0,Debit,26635.525821112245,0.0,13317.762910556123,Security Concern,Security Education,Free security audit,Alerts via SMS/email,10–15%
AC00355,300.5353846153846,28.20280737071654,13,1.0,0.0,0.07692307692307693,Debit,651.9954544920342,0.038461538461538464,326.0169580152479,Standard Customer,Regular Monitoring,Loyalty rewards,Monthly insights,5–10%
AC00356,320.3777777777778,280.37006044649496,18,1.0,0.0,0.0,Debit,4990.240662834924,0.0,2495.120331417462,Standard Customer,Regular Monitoring,Loyalty rewards,Monthly insights,5–10%
AC00357,264.89076923076925,274.26191595084003,13,1.0,0.0,0.07692307692307693,Debit,5588.4187921926,0.038461538461538464,2794.228626865531,Standard Customer,Regular Monitoring,Loyalty rewards,Monthly insights,5–10%
AC00358,392.4304347826087,482.2344895613851,23,1.8695652173913044,0.0,0.043478260869565216,Debit,8227.977485989837,0.021739130434782608,4113.999612560136,Security Concern,Security Education,Free security audit,Alerts via SMS/email,10–15%
AC00359,287.9745454545454,231.4394742200922,11,1.0,0.0,0.0,Debit,6058.970120890901,0.0,3029.4850604454505,Standard Customer,Regular Monitoring,Loyalty rewards,Monthly insights,5–10%
AC00360,302.5007142857143,255.72191547322788,14,1.0,0.0,0.0,Debit,5525.4326116949915,0.0,2762.7163058474957,Standard Customer,Regular Monitoring,Loyalty rewards,Monthly insights,5–10%
AC00361,116.48249999999999,7.606341104631061,4,1.0,0.0,0.0,Credit,221.50135155470898,0.0,110.75067577735449,Dormant/New Customer,Engagement Campaign,Cashback incentives,Onboarding support,20–25%
AC00362,193.94250000000002,170.11825213166674,28,1.0,0.0,0.07142857142857142,Debit,1178.3270691328112,0.03571428571428571,589.1813917092627,Standard Customer,Regular Monitoring,Loyalty rewards,Monthly insights,5–10%
AC00363,344.95,370.43666112730114,29,1.0,0.0,0.034482758620689655,Debit,4406.280063778705,0.017241379310344827,2203.148652579008,Standard Customer,Regular Monitoring,Loyalty rewards,Monthly insights,5–10%
AC00364,143.54,0.0,1,1.0,0.0,0.0,Debit,0.0,0.0,0.0,Dormant/New Customer,Engagement Campaign,Cashback incentives,Onboarding support,20–25%
AC00365,188.506875,99.91396623887638,16,1.0,0.0,0.0625,Debit,1177.1542729619887,0.03125,588.5927614809943,Standard Customer,Regular Monitoring,Loyalty rewards,Monthly insights,5–10%
AC00366,371.04842105263157,310.2976480066833,19,1.0,0.0,0.05263157894736842,Debit,6059.76033102446,0.02631578947368421,3029.893323406967,Standard Customer,Regular Monitoring,Loyalty rewards,Monthly insights,5–10%
AC00367,282.9878947368421,139.6559280509284,19,1.0,0.0,0.05263157894736842,Credit,2080.0492098212057,0.02631578947368421,1040.0377628053398,Standard Customer,Regular Monitoring,Loyalty rewards,Monthly insights,5–10%
AC00368,286.96250000000003,152.488582471249,12,1.0,0.0,0.08333333333333333,Debit,3646.5417667386696,0.041666666666666664,1823.291716702668,Standard Customer,Regular Monitoring,Loyalty rewards,Monthly insights,5–10%
AC00369,364.49133333333333,327.8717407085248,15,1.0,0.0,0.0,Debit,7967.093331071855,0.0,3983.5466655359273,Standard Customer,Regular Monitoring,Loyalty rewards,Monthly insights,5–10%
AC00370,360.390625,245.88662833288976,16,1.0,0.0,0.0,Debit,5538.45188284881,0.0,2769.225941424405,Standard Customer,Regular Monitoring,Loyalty rewards,Monthly insights,5–10%
AC00371,112.74,163.39812446904034,6,1.0,0.0,0.0,Debit,3070.2502470648933,0.0,1535.1251235324467,Standard Customer,Regular Monitoring,Loyalty rewards,Monthly insights,5–10%
AC00372,821.1,253.65157001569807,8,1.0,0.0,0.0,Credit,26034.159763216245,0.0,13017.079881608122,Standard Customer,Regular Monitoring,Loyalty rewards,Monthly insights,5–10%
AC00373,189.40473684210528,210.47511226240348,19,1.0,0.0,0.0,Debit,2098.1569027219048,0.0,1049.0784513609524,Standard Customer,Regular Monitoring,Loyalty rewards,Monthly insights,5–10%
AC00374,268.3292307692308,189.23729334099463,13,1.0,0.0,0.0,Debit,3905.9918037729667,0.0,1952.9959018864834,Standard Customer,Regular Monitoring,Loyalty rewards,Monthly insights,5–10%
AC00375,348.39166666666665,132.17961740248256,6,1.0,0.0,0.16666666666666666,Debit,7675.044921861386,0.08333333333333333,3837.5641275973594,Standard Customer,Regular Monitoring,Loyalty rewards,Monthly insights,5–10%
AC00376,222.974,77.88370492813843,10,1.0,0.0,0.0,Debit,1736.6039486042791,0.0,868.3019743021396,Standard Customer,Regular Monitoring,Loyalty rewards,Monthly insights,5–10%
AC00377,248.4275,154.21846246772495,12,1.0,0.0,0.08333333333333333,Debit,3192.675324335452,0.041666666666666664,1596.3584955010592,Standard Customer,Regular Monitoring,Loyalty rewards,Monthly insights,5–10%
AC00378,290.69529411764705,309.9829618930218,17,1.0,0.0,0.0,Debit,5300.62252813699,0.0,2650.311264068495,Standard Customer,Regular Monitoring,Loyalty rewards,Monthly insights,5–10%
AC00379,373.1475,420.7027353032859,4,1.0,0.0,0.0,Credit,39246.0336688873,0.0,19623.01683444365,High-Value At Risk,Proactive Outreach,Premium fraud protection + rewards,Dedicated manager,15–20%
AC00380,147.34923076923076,156.58567556141793,13,1.0,0.0,0.07692307692307693,Debit,1774.8290052789434,0.038461538461538464,887.4337334087024,Standard Customer,Regular Monitoring,Loyalty rewards,Monthly insights,5–10%
AC00381,228.44,239.40121470034356,4,1.0,0.0,0.0,Debit,13672.19995348663,0.0,6836.099976743315,Dormant/New Customer,Engagement Campaign,Cashback incentives,Onboarding support,20–25%
AC00382,295.323,398.18054999023536,20,1.0,0.0,0.0,Debit,5879.5934342586415,0.0,2939.7967171293208,Standard Customer,Regular Monitoring,Loyalty rewards,Monthly insights,5–10%
AC00383,155.63857142857142,89.9341808775167,14,1.0,0.0,0.07142857142857142,Debit,999.8018881838256,0.03571428571428571,499.91880123476994,Standard Customer,Regular Monitoring,Loyalty rewards,Monthly insights,5–10%
AC00384,285.2229411764706,215.6811509718891,17,1.0,0.0,0.0,Debit,3618.659330462898,0.0,1809.329665231449,Standard Customer,Regular Monitoring,Loyalty rewards,Monthly insights,5–10%
AC00385,745.6071428571429,451.5684989361288,21,1.0,0.0,0.047619047619047616,Debit,16032.98486967004,0.023809523809523808,8016.504339596924,Standard Customer,Regular Monitoring,Loyalty rewards,Monthly insights,5–10%
AC00386,184.66875,162.7665450422783,16,1.0,0.0,0.0,Debit,1878.6182835098714,0.0,939.3091417549357,Standard Customer,Regular Monitoring,Loyalty rewards,Monthly insights,5–10%
AC00387,233.41166666666666,138.12999709211127,6,1.1666666666666667,0.0,0.16666666666666666,Debit,5373.5245774011555,0.08333333333333333,2686.8039553672443,Standard Customer,Regular Monitoring,Loyalty rewards,Monthly insights,5–10%
AC00388,445.635,371.5174601549704,8,1.0,0.0,0.0,Debit,20695.145332626864,0.0,10347.572666313432,Standard Customer,Regular Monitoring,Loyalty rewards,Monthly insights,5–10%
AC00389,295.60999999999996,155.19432028911368,9,1.0,0.0,0.0,Credit,5097.443102580199,0.0,2548.7215512900993,Standard Customer,Regular Monitoring,Loyalty rewards,Monthly insights,5–10%
AC00390,216.34117647058824,211.97358617532848,17,1.0,0.0,0.0,Debit,2697.565430370279,0.0,1348.7827151851395,Standard Customer,Regular Monitoring,Loyalty rewards,Monthly insights,5–10%
AC00391,209.705,136.32318317146206,6,1.0,0.0,0.0,Debit,4764.608060393899,0.0,2382.3040301969495,Standard Customer,Regular Monitoring,Loyalty rewards,Monthly insights,5–10%
AC00392,224.01749999999998,229.6322270319797,4,1.0,0.0,0.0,Debit,12860.406139682593,0.0,6430.203069841296,Dormant/New Customer,Engagement Campaign,Cashback incentives,Onboarding support,20–25%
AC00393,239.10352941176473,131.14807585040927,17,1.3529411764705883,0.0,0.0,Debit,1844.5862333416735,0.0,922.2931166708368,Standard Customer,Regular Monitoring,Loyalty rewards,Monthly insights,5–10%
AC00394,290.955,183.44900229302883,14,1.0,0.0,0.07142857142857142,Debit,3812.5286178313986,0.03571428571428571,1906.2821660585564,Standard Customer,Regular Monitoring,Loyalty rewards,Monthly insights,5–10%
AC00395,366.1771428571429,79.3890669874817,7,1.0,0.0,0.0,Debit,4152.922510092551,0.0,2076.4612550462757,Standard Customer,Regular Monitoring,Loyalty rewards,Monthly insights,5–10%
AC00396,442.7942105263158,482.16362460517246,19,1.0526315789473684,0.0,0.05263157894736842,Debit,11236.80264551324,0.02631578947368421,5618.414480651357,Standard Customer,Regular Monitoring,Loyalty rewards,Monthly insights,5–10%
AC00397,278.29714285714283,252.45596586117964,14,1.0,0.0,0.0,Debit,5018.4120698567585,0.0,2509.2060349283793,Standard Customer,Regular Monitoring,Loyalty rewards,Monthly insights,5–10%
AC00398,527.7253333333333,407.7606189537236,15,1.0,0.0,0.0,Debit,14345.706280790255,0.0,7172.853140395127,Standard Customer,Regular Monitoring,Loyalty rewards,Monthly insights,5–10%
AC00399,278.1223076923077,223.07931314347397,13,1.0,0.0,0.0,Debit,4772.563738254938,0.0,2386.281869127469,Standard Customer,Regular Monitoring,Loyalty rewards,Monthly insights,5–10%
AC00400,207.24499999999998,126.15265886571274,10,1.0,0.0,0.0,Credit,2614.4505172174117,0.0,1307.2252586087059,Standard Customer,Regular Monitoring,Loyalty rewards,Monthly insights,5–10%
AC00401,231.67461538461538,165.0394384995793,13,1.0,0.0,0.0,Debit,2941.1881151149846,0.0,1470.5940575574923,Standard Customer,Regular Monitoring,Loyalty rewards,Monthly insights,5–10%
AC00402,371.775,313.47602989170747,10,1.0,0.0,0.1,Debit,11654.253935873561,0.05,5827.15196793678,Standard Customer,Regular Monitoring,Loyalty rewards,Monthly insights,5–10%
AC00403,151.5222727272727,151.96305634787933,22,1.0,0.0,0.0,Debit,1046.6266646266645,0.0,523.3133323133322,Standard Customer,Regular Monitoring,Loyalty rewards,Monthly insights,5–10%
AC00404,85.50272727272727,23.59683118171128,11,1.0,0.0,0.0,Debit,183.41756705571632,0.0,91.70878352785816,Standard Customer,Regular Monitoring,Loyalty rewards,Monthly insights,5–10%
AC00405,359.45,300.5275731664789,19,1.0,0.0,0.0,Debit,5685.506867851786,0.0,2842.753433925893,Standard Customer,Regular Monitoring,Loyalty rewards,Monthly insights,5–10%
AC00406,183.71,0.0,1,1.0,0.0,0.0,Debit,0.0,0.0,0.0,Dormant/New Customer,Engagement Campaign,Cashback incentives,Onboarding support,20–25%
AC00407,435.5238461538462,326.46232512441776,13,1.0,0.0,0.0,Debit,10937.085886571382,0.0,5468.542943285691,Standard Customer,Regular Monitoring,Loyalty rewards,Monthly insights,5–10%
AC00408,283.0375,35.6498932910979,4,1.0,0.0,0.0,Debit,2522.563537453896,0.0,1261.281768726948,Dormant/New Customer,Engagement Campaign,Cashback incentives,Onboarding support,20–25%
AC00409,283.01384615384615,193.98538950732268,13,1.3076923076923077,0.0,0.0,Debit,4223.11899684618,0.0,2111.55949842309,Standard Customer,Regular Monitoring,Loyalty rewards,Monthly insights,5–10%
AC00410,307.3990909090909,207.9053200596149,11,2.4545454545454546,0.0,0.0,Debit,5809.990961045294,0.0,2904.995480522647,Security Concern,Security Education,Free security audit,Alerts via SMS/email,10–15%
AC00411,305.10400000000004,347.13677297901717,15,1.0,0.0,0.0,Debit,7060.854061475734,0.0,3530.427030737867,Standard Customer,Regular Monitoring,Loyalty rewards,Monthly insights,5–10%
AC00412,254.4618181818182,162.50645161458556,11,1.0,0.0,0.0,Debit,3759.243944079924,0.0,1879.621972039962,Standard Customer,Regular Monitoring,Loyalty rewards,Monthly insights,5–10%
AC00413,281.29833333333335,298.14130303711136,6,1.1666666666666667,0.0,0.0,Debit,13977.772944065791,0.0,6988.886472032896,Standard Customer,Regular Monitoring,Loyalty rewards,Monthly insights,5–10%
AC00414,257.6166666666667,210.56895824171238,9,1.0,0.0,0.0,Debit,6027.340788706854,0.0,3013.670394353427,Standard Customer,Regular Monitoring,Loyalty rewards,Monthly insights,5–10%
AC00415,31.667142857142856,28.903914218369408,7,1.2857142857142858,0.0,0.14285714285714285,Debit,130.75774998942236,0.07142857142857142,65.41458928042547,Standard Customer,Regular Monitoring,Loyalty rewards,Monthly insights,5–10%
AC00416,586.7554545454545,530.3028844229236,11,1.0,0.0,0.0,Debit,28287.098337203624,0.0,14143.549168601812,High-Value At Risk,Proactive Outreach,Premium fraud protection + rewards,Dedicated manager,15–20%
AC00417,115.37181818181817,131.77522216396994,11,1.7272727272727273,0.0,0.0,Debit,1382.1041445696449,0.0,691.0520722848224,Security Concern,Security Education,Free security audit,Alerts via SMS/email,10–15%
AC00418,414.96999999999997,462.3201672722775,10,2.0,0.0,0.0,Credit,19184.898062807893,0.0,9592.449031403947,Security Concern,Security Education,Free security audit,Alerts via SMS/email,10–15%
AC00419,230.82142857142858,168.40664836723553,7,1.0,0.0,0.0,Debit,5553.122514847005,0.0,2776.5612574235024,Standard Customer,Regular Monitoring,Loyalty rewards,Monthly insights,5–10%
AC00420,431.28444444444443,372.123855964352,9,1.0,0.0,0.0,Debit,17832.356961305897,0.0,8916.178480652949,Standard Customer,Regular Monitoring,Loyalty rewards,Monthly insights,5–10%
AC00421,276.3988888888889,81.83406082500801,9,1.0,0.0,0.0,Debit,2513.204552454824,0.0,1256.602276227412,Standard Customer,Regular Monitoring,Loyalty rewards,Monthly insights,5–10%
AC00422,140.77666666666667,58.237796361126165,9,1.0,0.0,0.0,Debit,910.9468816427323,0.0,455.4734408213661,Standard Customer,Regular Monitoring,Loyalty rewards,Monthly insights,5–10%
AC00423,557.767,737.5467920229423,10,1.0,0.0,0.0,Debit,41137.92204083385,0.0,20568.961020416926,High-Value At Risk,Proactive Outreach,Premium fraud protection + rewards,Dedicated manager,15–20%
AC00424,234.49555555555557,158.3316190495432,18,1.0,0.0,0.0,Debit,2062.6699393535155,0.0,1031.3349696767577,Standard Customer,Regular Monitoring,Loyalty rewards,Monthly insights,5–10%
AC00425,374.49888888888887,176.16607318059084,18,1.0,0.0,0.0,Debit,3665.221944490445,0.0,1832.6109722452225,Standard Customer,Regular Monitoring,Loyalty rewards,Monthly insights,5–10%
AC00426,232.64705882352942,221.75854610828154,17,1.4705882352941178,0.0,0.0,Debit,3034.7923815459617,0.0,1517.3961907729808,Security Concern,Security Education,Free security audit,Alerts via SMS/email,10–15%
AC00427,193.426,218.45524005954556,20,1.0,0.0,0.0,Debit,2112.7460575505797,0.0,1056.3730287752899,Standard Customer,Regular Monitoring,Loyalty rewards,Monthly insights,5–10%
AC00428,697.6675,472.47398350773415,4,1.0,0.0,0.0,Debit,82407.41512036674,0.0,41203.70756018337,High-Value At Risk,Proactive Outreach,Premium fraud protection + rewards,Dedicated manager,15–20%
AC00429,106.67545454545456,84.66165570831181,11,1.0,0.0,0.0,Debit,821.0290712932608,0.0,410.5145356466304,Standard Customer,Regular Monitoring,Loyalty rewards,Monthly insights,5–10%
AC00430,144.023125,239.95911178695283,16,1.25,0.0,0.0,Debit,2159.9786869876616,0.0,1079.9893434938308,Standard Customer,Regular Monitoring,Loyalty rewards,Monthly insights,5–10%
AC00431,331.4835,321.1226525189238,20,1.0,0.0,0.0,Debit,5322.342773195695,0.0,2661.1713865978477,Standard Customer,Regular Monitoring,Loyalty rewards,Monthly insights,5–10%
AC00432,282.1865,207.19092718591202,20,1.4,0.0,0.05,Credit,2923.3239825511687,0.025,1461.6744912755844,Standard Customer,Regular Monitoring,Loyalty rewards,Monthly insights,5–10%
AC00433,416.39399999999995,491.20012671008135,5,1.0,0.0,0.0,Debit,40906.54893095373,0.0,20453.274465476865,High-Value At Risk,Proactive Outreach,Premium fraud protection + rewards,Dedicated manager,15–20%
AC00434,182.46944444444446,288.1471607370957,18,1.0,0.0,0.05555555555555555,Debit,2921.002745385508,0.027777777777777776,1460.515261581643,Standard Customer,Regular Monitoring,Loyalty rewards,Monthly insights,5–10%
AC00435,222.9366666666667,169.538087716792,6,1.0,0.0,0.0,Debit,6299.374974874598,0.0,3149.687487437299,Standard Customer,Regular Monitoring,Loyalty rewards,Monthly insights,5–10%
AC00436,214.62166666666667,115.77514812878636,12,1.0,0.0,0.0,Debit,2070.654431610493,0.0,1035.3272158052464,Standard Customer,Regular Monitoring,Loyalty rewards,Monthly insights,5–10%
AC00437,211.887,206.15330800428868,10,1.0,0.0,0.0,Debit,4368.120160498455,0.0,2184.0600802492277,Standard Customer,Regular Monitoring,Loyalty rewards,Monthly insights,5–10%
AC00438,200.2172222222222,173.75133119441148,18,1.6666666666666667,0.0,0.05555555555555555,Debit,1932.6670531384086,0.027777777777777776,966.3474154580932,Security Concern,Security Education,Free security audit,Alerts via SMS/email,10–15%
AC00439,405.3140909090909,253.95706363120087,22,1.1818181818181819,0.0,0.0,Debit,4678.744168039916,0.0,2339.372084019958,Standard Customer,Regular Monitoring,Loyalty rewards,Monthly insights,5–10%
AC00440,201.69,0.0,1,1.0,0.0,0.0,Debit,0.0,0.0,0.0,Dormant/New Customer,Engagement Campaign,Cashback incentives,Onboarding support,20–25%
AC00441,250.56272727272727,241.30377432153475,11,1.3636363636363635,0.0,0.0,Credit,5496.520572607807,0.0,2748.2602863039033,Standard Customer,Regular Monitoring,Loyalty rewards,Monthly insights,5–10%
AC00442,247.5968,175.44059447383705,25,1.08,0.0,0.0,Debit,1737.5411217711444,0.0,868.7705608855722,Standard Customer,Regular Monitoring,Loyalty rewards,Monthly insights,5–10%
AC00443,674.42,342.0098733467597,7,1.0,0.0,0.14285714285714285,Debit,32951.18083304869,0.07142857142857142,16475.62613081006,High-Value At Risk,Proactive Outreach,Premium fraud protection + rewards,Dedicated manager,15–20%
AC00444,125.33375,71.63377853209835,8,1.0,0.0,0.0,Credit,1122.2661209789076,0.0,561.1330604894538,Standard Customer,Regular Monitoring,Loyalty rewards,Monthly insights,5–10%
AC00445,291.3908333333333,187.69430627574545,12,1.0,0.0,0.08333333333333333,Credit,4557.69964665931,0.041666666666666664,2278.8706566629885,Standard Customer,Regular Monitoring,Loyalty rewards,Monthly insights,5–10%
AC00446,254.76,250.96941240644517,12,1.0,0.0,0.0,Debit,5328.080181382149,0.0,2664.0400906910745,Standard Customer,Regular Monitoring,Loyalty rewards,Monthly insights,5–10%
AC00447,150.16400000000002,72.248886681157,10,1.0,0.0,0.0,Debit,1084.9180734671188,0.0,542.4590367335594,Standard Customer,Regular Monitoring,Loyalty rewards,Monthly insights,5–10%
AC00448,160.8647368421053,196.20231588757846,19,1.0,0.0,0.0,Credit,1661.159592205649,0.0,830.5797961028245,Standard Customer,Regular Monitoring,Loyalty rewards,Monthly insights,5–10%
AC00449,154.3975,130.79631146627113,12,1.0,0.0,0.08333333333333333,Debit,1682.8851513940372,0.041666666666666664,841.463409030352,Standard Customer,Regular Monitoring,Loyalty rewards,Monthly insights,5–10%
AC00450,206.04857142857145,211.59668085208486,7,1.0,0.0,0.0,Debit,6228.45536859201,0.0,3114.227684296005,Standard Customer,Regular Monitoring,Loyalty rewards,Monthly insights,5–10%
AC00451,227.73083333333332,282.5398184474771,12,1.0,0.0,0.0,Debit,5361.918578581174,0.0,2680.959289290587,Standard Customer,Regular Monitoring,Loyalty rewards,Monthly insights,5–10%
AC00452,165.00684210526316,235.10305232322253,19,1.0,0.0,0.05263157894736842,Debit,2041.7689574418127,0.02631578947368421,1020.8976366156433,Standard Customer,Regular Monitoring,Loyalty rewards,Monthly insights,5–10%
AC00453,220.28176470588235,124.98041527751928,17,1.1176470588235294,0.0,0.0,Debit,1619.464988914175,0.0,809.7324944570875,Standard Customer,Regular Monitoring,Loyalty rewards,Monthly insights,5–10%
AC00454,470.40000000000003,366.5244230334453,6,1.6666666666666667,0.0,0.0,Credit,28735.50997657045,0.0,14367.754988285225,High-Value At Risk,Proactive Outreach,Premium fraud protection + rewards,Dedicated manager,15–20%
AC00455,395.9325,264.8503140479841,20,1.0,0.0,0.0,Debit,5243.142086183068,0.0,2621.571043091534,Standard Customer,Regular Monitoring,Loyalty rewards,Monthly insights,5–10%
AC00456,222.38645161290324,273.9529021632294,31,1.3870967741935485,0.0,0.0,Debit,1965.2713501892283,0.0,982.6356750946142,Standard Customer,Regular Monitoring,Loyalty rewards,Monthly insights,5–10%
AC00457,295.7975,125.43006153117476,8,1.0,0.0,0.125,Debit,4637.736748503865,0.0625,2318.8996242519324,Standard Customer,Regular Monitoring,Loyalty rewards,Monthly insights,5–10%
AC00458,200.75636363636366,188.6844224239366,11,1.0,0.0,0.18181818181818182,Debit,3443.5995524597747,0.09090909090909091,1721.8452307753419,Standard Customer,Regular Monitoring,Loyalty rewards,Monthly insights,5–10%
AC00459,215.5465,121.73871560263379,20,1.0,0.0,0.0,Debit,1312.0176375312733,0.0,656.0088187656366,Standard Customer,Regular Monitoring,Loyalty rewards,Monthly insights,5–10%
AC00460,370.146,348.9259338329217,35,1.0571428571428572,0.0,0.08571428571428572,Debit,3690.1010004119903,0.04285714285714286,1845.0719287774236,Standard Customer,Regular Monitoring,Loyalty rewards,Monthly insights,5–10%
AC00461,192.046,139.61576014189802,5,1.0,0.0,0.2,Debit,5362.528581936473,0.1,2681.3142909682365,Standard Customer,Regular Monitoring,Loyalty rewards,Monthly insights,5–10%
AC00462,86.81769230769231,54.7038070207559,13,1.0,0.0,0.07692307692307693,Debit,365.32753235844865,0.038461538461538464,182.6829969484551,Standard Customer,Regular Monitoring,Loyalty rewards,Monthly insights,5–10%
AC00463,128.531875,126.10665180545924,16,1.0,0.0,0.0,Debit,1013.0452120926624,0.0,506.5226060463312,Standard Customer,Regular Monitoring,Loyalty rewards,Monthly insights,5–10%
AC00464,458.9608333333333,575.41276473968,24,1.0,0.0,0.041666666666666664,Debit,11003.829625488797,0.020833333333333332,5501.925229411066,Standard Customer,Regular Monitoring,Loyalty rewards,Monthly insights,5–10%
AC00465,181.1,237.78398978905204,21,1.8571428571428572,0.0,0.0,Debit,2050.6037381044566,0.0,1025.3018690522283,Security Concern,Security Education,Free security audit,Alerts via SMS/email,10–15%
AC00466,673.71875,607.2715167848845,8,1.0,0.0,0.0,Debit,51141.26950720587,0.0,25570.634753602935,High-Value At Risk,Proactive Outreach,Premium fraud protection + rewards,Dedicated manager,15–20%
AC00467,491.055,212.68622538848163,6,1.0,0.0,0.0,Debit,17406.769500228558,0.0,8703.384750114279,Standard Customer,Regular Monitoring,Loyalty rewards,Monthly insights,5–10%
AC00468,130.11333333333332,114.29590498775403,12,2.3333333333333335,0.0,0.0,Debit,1239.2849954184699,0.0,619.6424977092349,Security Concern,Security Education,Free security audit,Alerts via SMS/email,10–15%
AC00469,68.365,3.952726906832803,2,1.0,0.0,0.0,Debit,135.1140199358023,0.0,67.55700996790115,Dormant/New Customer,Engagement Campaign,Cashback incentives,Onboarding support,20–25%
AC00470,528.3154545454546,294.19042378580696,11,1.1818181818181819,0.0,0.0,Debit,14129.575757794797,0.0,7064.7878788973985,Standard Customer,Regular Monitoring,Loyalty rewards,Monthly insights,5–10%
AC00471,305.9905882352941,169.62236234023612,17,1.0,0.0,0.0,Debit,3053.1084339553304,0.0,1526.5542169776652,Standard Customer,Regular Monitoring,Loyalty rewards,Monthly insights,5–10%
AC00472,588.37,0.0,1,1.0,0.0,0.0,Debit,0.0,0.0,0.0,Dormant/New Customer,Engagement Campaign,Cashback incentives,Onboarding support,20–25%
AC00473,57.15,0.445084261685358,3,1.0,0.0,0.0,Debit,8.47885235882195,0.0,4.239426179410975,Dormant/New Customer,Engagement Campaign,Cashback incentives,Onboarding support,20–25%
AC00474,278.9975,265.5787024294134,12,1.0,0.0,0.0,Debit,6174.648988033439,0.0,3087.3244940167197,Standard Customer,Regular Monitoring,Loyalty rewards,Monthly insights,5–10%
AC00475,104.499,80.69270533130123,20,1.0,0.0,0.05,Debit,421.61532964001583,0.025,210.8201648200079,Standard Customer,Regular Monitoring,Loyalty rewards,Monthly insights,5–10%
AC00476,506.81,0.0,1,1.0,0.0,0.0,Debit,0.0,0.0,0.0,Dormant/New Customer,Engagement Campaign,Cashback incentives,Onboarding support,20–25%
AC00477,383.19624999999996,282.8683661522491,8,1.0,0.0,0.0,Debit,13549.260450488542,0.0,6774.630225244271,Standard Customer,Regular Monitoring,Loyalty rewards,Monthly insights,5–10%
AC00478,487.65684210526314,264.6847927263385,19,1.263157894736842,0.0,0.0,Debit,6793.439125303854,0.0,3396.719562651927,Standard Customer,Regular Monitoring,Loyalty rewards,Monthly insights,5–10%
AC00479,247.50818181818184,325.1619743395031,11,1.0,0.0,0.0,Debit,7316.385613526828,0.0,3658.192806763414,Standard Customer,Regular Monitoring,Loyalty rewards,Monthly insights,5–10%
AC00480,287.4017857142857,282.7578663549115,28,1.0,0.0,0.10714285714285714,Debit,2902.3254576013383,0.05357142857142857,1451.189514514955,Standard Customer,Regular Monitoring,Loyalty rewards,Monthly insights,5–10%
AC00481,207.3742857142857,134.89483679977562,7,1.0,0.0,0.0,Debit,3996.245204521915,0.0,1998.1226022609576,Standard Customer,Regular Monitoring,Loyalty rewards,Monthly insights,5–10%
AC00482,344.32785714285717,294.07149636096665,14,1.0,0.0,0.07142857142857142,Debit,7232.642925437303,0.03571428571428571,3616.339319861509,Standard Customer,Regular Monitoring,Loyalty rewards,Monthly insights,5–10%
AC00483,353.4018181818182,212.05403777425138,11,1.0,0.0,0.0,Debit,6812.752335405825,0.0,3406.3761677029124,Standard Customer,Regular Monitoring,Loyalty rewards,Monthly insights,5–10%
AC00485,354.106,307.5946574525203,10,1.0,0.0,0.0,Credit,10892.110287977188,0.0,5446.055143988594,Standard Customer,Regular Monitoring,Loyalty rewards,Monthly insights,5–10%
AC00486,282.26,0.0,1,1.0,0.0,0.0,Debit,0.0,0.0,0.0,Dormant/New Customer,Engagement Campaign,Cashback incentives,Onboarding support,20–25%
AC00487,114.65727272727273,110.92044329977311,11,1.0,0.0,0.09090909090909091,Debit,1156.1667602077562,0.045454545454545456,578.1061073766053,Standard Customer,Regular Monitoring,Loyalty rewards,Monthly insights,5–10%
AC00488,377.81,352.96633862168784,8,1.0,0.0,0.0,Credit,16669.274465673177,0.0,8334.637232836589,Standard Customer,Regular Monitoring,Loyalty rewards,Monthly insights,5–10%
AC00489,126.8425,89.0924124955976,8,1.0,0.0,0.0,Debit,1412.5878649231217,0.0,706.2939324615609,Standard Customer,Regular Monitoring,Loyalty rewards,Monthly insights,5–10%
AC00490,286.5078571428572,194.85767832638066,14,1.0,0.0,0.0,Debit,3987.7322769565153,0.0,1993.8661384782577,Standard Customer,Regular Monitoring,Loyalty rewards,Monthly insights,5–10%
AC00491,37.57,0.0,1,1.0,0.0,0.0,Debit,0.0,0.0,0.0,Dormant/New Customer,Engagement Campaign,Cashback incentives,Onboarding support,20–25%
AC00492,111.49,101.12967141249891,11,1.0,0.0,0.0,Debit,1024.9950946167644,0.0,512.4975473083822,Standard Customer,Regular Monitoring,Loyalty rewards,Monthly insights,5–10%
AC00493,130.193,80.15108664266505,10,1.0,0.0,0.0,Debit,1043.5109379757555,0.0,521.7554689878777,Standard Customer,Regular Monitoring,Loyalty rewards,Monthly insights,5–10%
AC00494,410.17333333333335,384.72376093330473,6,1.0,0.0,0.0,Credit,26300.566855663863,0.0,13150.283427831931,Standard Customer,Regular Monitoring,Loyalty rewards,Monthly insights,5–10%
AC00495,294.015,259.585300986904,14,1.2857142857142858,0.0,0.07142857142857142,Debit,5451.569058435393,0.03571428571428571,2725.802386360554,Standard Customer,Regular Monitoring,Loyalty rewards,Monthly insights,5–10%
AC00496,209.13363636363636,130.0365697234995,11,1.0,0.0,0.0,Debit,2472.274383114055,0.0,1236.1371915570276,Standard Customer,Regular Monitoring,Loyalty rewards,Monthly insights,5–10%
AC00497,182.66615384615383,88.61825973790253,13,1.0,0.0,0.07692307692307693,Debit,1245.1965708973503,0.038461538461538464,622.6175162179059,Standard Customer,Regular Monitoring,Loyalty rewards,Monthly insights,5–10%
AC00498,357.4536842105263,418.7220298215688,19,1.1578947368421053,0.0,0.0,Debit,7877.564439066588,0.0,3938.782219533294,Standard Customer,Regular Monitoring,Loyalty rewards,Monthly insights,5–10%
AC00499,330.308,226.9299170182167,20,1.0,0.0,0.0,Debit,3747.838164130748,0.0,1873.919082065374,Standard Customer,Regular Monitoring,Loyalty rewards,Monthly insights,5–10%
AC00500,162.06375,40.92237495144517,16,1.0,0.0,0.0,Debit,414.5020705647001,0.0,207.25103528235005,Standard Customer,Regular Monitoring,Loyalty rewards,Monthly insights,5–10%
